<?xml version='1.0' encoding='UTF-8'?><gpx creator="YAMAP - https://yamap.com" xsi:schemaLocation="http://www.topografix.com/GPX/1/1 http://www.topografix.com/GPX/1/1/gpx.xsd" version="1.1" xmlns="http://www.topografix.com/GPX/1/1" xmlns:xsi="http://www.w3.org/2001/XMLSchema-instance"><metadata><bounds maxlat="35.7883034" maxlon="140.3303388" minlat="35.7156018" minlon="140.1258878"/></metadata><trk><name>成田街道②完 (勝田台〜寺台)</name><number>1</number><trkseg><trkpt lat="35.7156018" lon="140.1260531"><ele>17.480916660963466</ele><time>2026-08-14T21:05:51Z</time></trkpt><trkpt lat="35.7158229" lon="140.1259488"><ele>17.47990690968036</ele><time>2026-08-14T21:06:15Z</time></trkpt><trkpt lat="35.71602" lon="140.1259002"><ele>17.479080601574015</ele><time>2026-08-14T21:06:30Z</time></trkpt><trkpt lat="35.7162247" lon="140.1258878"><ele>17.47750369766048</ele><time>2026-08-14T21:06:46Z</time></trkpt><trkpt lat="35.7163911" lon="140.1260066"><ele>17.476583216503403</ele><time>2026-08-14T21:07:50Z</time></trkpt><trkpt lat="35.7163866" lon="140.1262607"><ele>17.476791384914716</ele><time>2026-08-14T21:08:09Z</time></trkpt><trkpt lat="35.7163985" lon="140.1265187"><ele>18.044698602882033</ele><time>2026-08-14T21:08:26Z</time></trkpt><trkpt lat="35.7164206" lon="140.1267439"><ele>18.579806546870042</ele><time>2026-08-14T21:08:39Z</time></trkpt><trkpt lat="35.7164586" lon="140.1269921"><ele>19.28148671643671</ele><time>2026-08-14T21:08:54Z</time></trkpt><trkpt lat="35.7165132" lon="140.1272065"><ele>19.882977882344722</ele><time>2026-08-14T21:09:08Z</time></trkpt><trkpt lat="35.716506" lon="140.12743"><ele>20.284519703596846</ele><time>2026-08-14T21:09:23Z</time></trkpt><trkpt lat="35.7165738" lon="140.1276409"><ele>20.219246082065723</ele><time>2026-08-14T21:09:35Z</time></trkpt><trkpt lat="35.7166227" lon="140.1278923"><ele>19.8207413388941</ele><time>2026-08-14T21:09:50Z</time></trkpt><trkpt lat="35.7166769" lon="140.1281388"><ele>19.488843537900735</ele><time>2026-08-14T21:10:05Z</time></trkpt><trkpt lat="35.7167133" lon="140.1283948"><ele>18.79044578290805</ele><time>2026-08-14T21:10:21Z</time></trkpt><trkpt lat="35.7167877" lon="140.1286292"><ele>17.22528288024338</ele><time>2026-08-14T21:10:36Z</time></trkpt><trkpt lat="35.7168366" lon="140.1288907"><ele>16.06016265838843</ele><time>2026-08-14T21:10:51Z</time></trkpt><trkpt lat="35.716907" lon="140.1291102"><ele>16.761550504953792</ele><time>2026-08-14T21:11:04Z</time></trkpt><trkpt lat="35.7169737" lon="140.1293402"><ele>18.496275666293993</ele><time>2026-08-14T21:11:19Z</time></trkpt><trkpt lat="35.7170371" lon="140.1295842"><ele>20.730928115119195</ele><time>2026-08-14T21:11:34Z</time></trkpt><trkpt lat="35.7170791" lon="140.1298316"><ele>21.49903930489063</ele><time>2026-08-14T21:11:48Z</time></trkpt><trkpt lat="35.7171388" lon="140.1300647"><ele>22.36717174274469</ele><time>2026-08-14T21:12:03Z</time></trkpt><trkpt lat="35.7171875" lon="140.1302949"><ele>22.001965636302327</ele><time>2026-08-14T21:12:18Z</time></trkpt><trkpt lat="35.7172024" lon="140.130568"><ele>21.203543760900907</ele><time>2026-08-14T21:12:43Z</time></trkpt><trkpt lat="35.7172247" lon="140.1308236"><ele>19.338585478598002</ele><time>2026-08-14T21:12:58Z</time></trkpt><trkpt lat="35.7172528" lon="140.1310813"><ele>18.30706964294203</ele><time>2026-08-14T21:13:13Z</time></trkpt><trkpt lat="35.7172707" lon="140.131338"><ele>17.942173694155006</ele><time>2026-08-14T21:13:27Z</time></trkpt><trkpt lat="35.7172747" lon="140.1316006"><ele>18.410664955436562</ele><time>2026-08-14T21:13:43Z</time></trkpt><trkpt lat="35.7172745" lon="140.13185"><ele>18.645858952782508</ele><time>2026-08-14T21:13:58Z</time></trkpt><trkpt lat="35.7172981" lon="140.1320976"><ele>19.347685537352323</ele><time>2026-08-14T21:14:12Z</time></trkpt><trkpt lat="35.7173189" lon="140.1323596"><ele>19.68281016328584</ele><time>2026-08-14T21:14:27Z</time></trkpt><trkpt lat="35.7173168" lon="140.1326034"><ele>19.584591353171692</ele><time>2026-08-14T21:14:43Z</time></trkpt><trkpt lat="35.7173542" lon="140.1328614"><ele>19.38637040386772</ele><time>2026-08-14T21:14:58Z</time></trkpt><trkpt lat="35.7173507" lon="140.1331063"><ele>19.021489204946825</ele><time>2026-08-14T21:15:13Z</time></trkpt><trkpt lat="35.7173793" lon="140.13337"><ele>20.58992876133092</ele><time>2026-08-14T21:15:29Z</time></trkpt><trkpt lat="35.7173857" lon="140.1336307"><ele>21.12510393388933</ele><time>2026-08-14T21:15:44Z</time></trkpt><trkpt lat="35.7174111" lon="140.1338576"><ele>21.126842893505543</ele><time>2026-08-14T21:15:58Z</time></trkpt><trkpt lat="35.7174113" lon="140.1341038"><ele>18.828595641096168</ele><time>2026-08-14T21:16:13Z</time></trkpt><trkpt lat="35.7174293" lon="140.1343519"><ele>17.696960371076415</ele><time>2026-08-14T21:16:28Z</time></trkpt><trkpt lat="35.7174548" lon="140.134574"><ele>18.365312877803017</ele><time>2026-08-14T21:16:40Z</time></trkpt><trkpt lat="35.7174252" lon="140.1348471"><ele>19.16712550947194</ele><time>2026-08-14T21:16:59Z</time></trkpt><trkpt lat="35.7174732" lon="140.1350977"><ele>18.202216910312554</ele><time>2026-08-14T21:17:14Z</time></trkpt><trkpt lat="35.7174587" lon="140.1353189"><ele>17.370720219222914</ele><time>2026-08-14T21:17:26Z</time></trkpt><trkpt lat="35.7174696" lon="140.135542"><ele>17.339017815475398</ele><time>2026-08-14T21:17:38Z</time></trkpt><trkpt lat="35.7174719" lon="140.1357981"><ele>19.040754729554997</ele><time>2026-08-14T21:17:53Z</time></trkpt><trkpt lat="35.7174623" lon="140.1360569"><ele>19.84257486639292</ele><time>2026-08-14T21:18:08Z</time></trkpt><trkpt lat="35.7174814" lon="140.1363237"><ele>20.27781986841757</ele><time>2026-08-14T21:18:22Z</time></trkpt><trkpt lat="35.7174934" lon="140.1365659"><ele>20.57967741017756</ele><time>2026-08-14T21:18:37Z</time></trkpt><trkpt lat="35.7174791" lon="140.1368059"><ele>20.34816462115553</ele><time>2026-08-14T21:18:52Z</time></trkpt><trkpt lat="35.7176192" lon="140.1370359"><ele>20.216314780381726</ele><time>2026-08-14T21:19:09Z</time></trkpt><trkpt lat="35.7175985" lon="140.136831"><ele>26.649450147546318</ele><time>2026-08-14T21:32:51Z</time></trkpt><trkpt lat="35.7174672" lon="140.1370155"><ele>26.650535387971953</ele><time>2026-08-14T21:33:13Z</time></trkpt><trkpt lat="35.7174722" lon="140.1372598"><ele>26.651491895807936</ele><time>2026-08-14T21:33:25Z</time></trkpt><trkpt lat="35.7174703" lon="140.1374889"><ele>26.653381297122305</ele><time>2026-08-14T21:33:37Z</time></trkpt><trkpt lat="35.7174668" lon="140.1377171"><ele>26.655119383199082</ele><time>2026-08-14T21:33:52Z</time></trkpt><trkpt lat="35.7174567" lon="140.1379464"><ele>26.656851056631137</ele><time>2026-08-14T21:34:04Z</time></trkpt><trkpt lat="35.7174352" lon="140.1381976"><ele>26.658677409795114</ele><time>2026-08-14T21:34:20Z</time></trkpt><trkpt lat="35.7174173" lon="140.1384361"><ele>26.66055867379232</ele><time>2026-08-14T21:34:34Z</time></trkpt><trkpt lat="35.7174278" lon="140.1386866"><ele>26.662450510040618</ele><time>2026-08-14T21:34:50Z</time></trkpt><trkpt lat="35.7174308" lon="140.1389223"><ele>26.66425407229021</ele><time>2026-08-14T21:35:08Z</time></trkpt><trkpt lat="35.7175118" lon="140.1392145"><ele>26.66598870898669</ele><time>2026-08-14T21:35:28Z</time></trkpt><trkpt lat="35.7175006" lon="140.1394804"><ele>24.40113747310946</ele><time>2026-08-14T21:37:36Z</time></trkpt><trkpt lat="35.7174981" lon="140.1397134"><ele>23.169624037052305</ele><time>2026-08-14T21:37:51Z</time></trkpt><trkpt lat="35.7174993" lon="140.1399609"><ele>23.038162794617957</ele><time>2026-08-14T21:38:05Z</time></trkpt><trkpt lat="35.7174992" lon="140.1402066"><ele>24.90663039618153</ele><time>2026-08-14T21:38:20Z</time></trkpt><trkpt lat="35.7175203" lon="140.1404371"><ele>24.575043482870996</ele><time>2026-08-14T21:38:35Z</time></trkpt><trkpt lat="35.7175676" lon="140.1406892"><ele>22.176706788370726</ele><time>2026-08-14T21:38:51Z</time></trkpt><trkpt lat="35.7175947" lon="140.1409088"><ele>20.144916295339936</ele><time>2026-08-14T21:39:03Z</time></trkpt><trkpt lat="35.7176116" lon="140.1411377"><ele>19.146463614287796</ele><time>2026-08-14T21:39:17Z</time></trkpt><trkpt lat="35.717607" lon="140.1414064"><ele>19.281491623725703</ele><time>2026-08-14T21:39:32Z</time></trkpt><trkpt lat="35.7176608" lon="140.1416643"><ele>18.98322612965652</ele><time>2026-08-14T21:39:48Z</time></trkpt><trkpt lat="35.7176938" lon="140.1418836"><ele>19.051570320766245</ele><time>2026-08-14T21:40:00Z</time></trkpt><trkpt lat="35.7177334" lon="140.1421599"><ele>18.686509008247455</ele><time>2026-08-14T21:40:15Z</time></trkpt><trkpt lat="35.717766" lon="140.1423776"><ele>18.65472481536775</ele><time>2026-08-14T21:40:27Z</time></trkpt><trkpt lat="35.7178414" lon="140.1426242"><ele>18.522920669905464</ele><time>2026-08-14T21:40:42Z</time></trkpt><trkpt lat="35.7178938" lon="140.1428721"><ele>18.857686222859687</ele><time>2026-08-14T21:40:58Z</time></trkpt><trkpt lat="35.7179505" lon="140.1431232"><ele>18.092484456904987</ele><time>2026-08-14T21:41:13Z</time></trkpt><trkpt lat="35.7180277" lon="140.1433575"><ele>17.66058140048749</ele><time>2026-08-14T21:41:28Z</time></trkpt><trkpt lat="35.7181033" lon="140.1436029"><ele>16.995290553157147</ele><time>2026-08-14T21:41:43Z</time></trkpt><trkpt lat="35.7181924" lon="140.1438531"><ele>17.829930139243274</ele><time>2026-08-14T21:41:59Z</time></trkpt><trkpt lat="35.7182888" lon="140.1440847"><ele>18.897856181268605</ele><time>2026-08-14T21:42:14Z</time></trkpt><trkpt lat="35.7183786" lon="140.144319"><ele>20.232391533391567</ele><time>2026-08-14T21:42:29Z</time></trkpt><trkpt lat="35.7184491" lon="140.1445615"><ele>21.50027901537884</ele><time>2026-08-14T21:42:44Z</time></trkpt><trkpt lat="35.7184976" lon="140.1447866"><ele>22.534915593428337</ele><time>2026-08-14T21:42:58Z</time></trkpt><trkpt lat="35.7185693" lon="140.1450125"><ele>22.469568347636017</ele><time>2026-08-14T21:43:13Z</time></trkpt><trkpt lat="35.7186286" lon="140.1452658"><ele>21.670937191857305</ele><time>2026-08-14T21:43:29Z</time></trkpt><trkpt lat="35.7186697" lon="140.1455017"><ele>19.60568102710427</ele><time>2026-08-14T21:43:44Z</time></trkpt><trkpt lat="35.7187565" lon="140.1457026"><ele>18.073664704007786</ele><time>2026-08-14T21:44:11Z</time></trkpt><trkpt lat="35.7187841" lon="140.1459283"><ele>17.47497888717668</ele><time>2026-08-14T21:44:22Z</time></trkpt><trkpt lat="35.7188212" lon="140.1461677"><ele>17.7096430430616</ele><time>2026-08-14T21:44:36Z</time></trkpt><trkpt lat="35.7188546" lon="140.1464059"><ele>18.377843109775103</ele><time>2026-08-14T21:44:50Z</time></trkpt><trkpt lat="35.7188923" lon="140.1466506"><ele>18.94606890796004</ele><time>2026-08-14T21:45:05Z</time></trkpt><trkpt lat="35.7189267" lon="140.1468991"><ele>20.480989202625892</ele><time>2026-08-14T21:45:26Z</time></trkpt><trkpt lat="35.719029" lon="140.1471142"><ele>20.982375570163565</ele><time>2026-08-14T21:45:43Z</time></trkpt><trkpt lat="35.7190647" lon="140.1473786"><ele>21.517147729904735</ele><time>2026-08-14T21:46:23Z</time></trkpt><trkpt lat="35.7191022" lon="140.1475977"><ele>20.68517387274432</ele><time>2026-08-14T21:46:39Z</time></trkpt><trkpt lat="35.7191778" lon="140.1478386"><ele>18.886652127186164</ele><time>2026-08-14T21:46:56Z</time></trkpt><trkpt lat="35.7192262" lon="140.1480693"><ele>15.388020428521022</ele><time>2026-08-14T21:47:10Z</time></trkpt><trkpt lat="35.7193129" lon="140.1483097"><ele>12.189338368544098</ele><time>2026-08-14T21:47:25Z</time></trkpt><trkpt lat="35.7193832" lon="140.1485584"><ele>11.790686110180284</ele><time>2026-08-14T21:47:40Z</time></trkpt><trkpt lat="35.7194819" lon="140.1487924"><ele>13.69193656070714</ele><time>2026-08-14T21:47:55Z</time></trkpt><trkpt lat="35.7196132" lon="140.1489735"><ele>15.992947004610834</ele><time>2026-08-14T21:48:07Z</time></trkpt><trkpt lat="35.7197668" lon="140.149142"><ele>18.626918377591906</ele><time>2026-08-14T21:48:21Z</time></trkpt><trkpt lat="35.7198975" lon="140.1493395"><ele>19.860732177115533</ele><time>2026-08-14T21:48:38Z</time></trkpt><trkpt lat="35.7200471" lon="140.1494721"><ele>20.461054166104084</ele><time>2026-08-14T21:48:52Z</time></trkpt><trkpt lat="35.7201386" lon="140.1496692"><ele>20.828242484856244</ele><time>2026-08-14T21:49:06Z</time></trkpt><trkpt lat="35.7202605" lon="140.1498907"><ele>20.295507647957603</ele><time>2026-08-14T21:49:24Z</time></trkpt><trkpt lat="35.7204021" lon="140.1501008"><ele>20.596295103683236</ele><time>2026-08-14T21:49:39Z</time></trkpt><trkpt lat="35.7205416" lon="140.1502699"><ele>20.263548986230607</ele><time>2026-08-14T21:49:53Z</time></trkpt><trkpt lat="35.7206777" lon="140.1504238"><ele>22.263911923391543</ele><time>2026-08-14T21:50:07Z</time></trkpt><trkpt lat="35.7208071" lon="140.1505961"><ele>23.76419401666905</ele><time>2026-08-14T21:50:21Z</time></trkpt><trkpt lat="35.7208982" lon="140.1507975"><ele>23.931317424255734</ele><time>2026-08-14T21:50:53Z</time></trkpt><trkpt lat="35.7210254" lon="140.1509967"><ele>23.265229002028075</ele><time>2026-08-14T21:51:07Z</time></trkpt><trkpt lat="35.7210812" lon="140.1512287"><ele>24.36609734906219</ele><time>2026-08-14T21:51:25Z</time></trkpt><trkpt lat="35.7211521" lon="140.1514717"><ele>25.233769203937893</ele><time>2026-08-14T21:51:40Z</time></trkpt><trkpt lat="35.7212161" lon="140.1517329"><ele>25.401714665750536</ele><time>2026-08-14T21:51:56Z</time></trkpt><trkpt lat="35.7212756" lon="140.1519801"><ele>23.836353335570095</ele><time>2026-08-14T21:52:10Z</time></trkpt><trkpt lat="35.7213461" lon="140.1522301"><ele>23.404341737468588</ele><time>2026-08-14T21:52:25Z</time></trkpt><trkpt lat="35.7213829" lon="140.152473"><ele>23.505678583340494</ele><time>2026-08-14T21:52:40Z</time></trkpt><trkpt lat="35.7214309" lon="140.1526889"><ele>23.37363460914798</ele><time>2026-08-14T21:52:54Z</time></trkpt><trkpt lat="35.7214738" lon="140.1529506"><ele>22.641675068054628</ele><time>2026-08-14T21:53:11Z</time></trkpt><trkpt lat="35.7215364" lon="140.1531996"><ele>22.076341511773023</ele><time>2026-08-14T21:53:26Z</time></trkpt><trkpt lat="35.7216199" lon="140.1534365"><ele>21.94431405068236</ele><time>2026-08-14T21:53:41Z</time></trkpt><trkpt lat="35.7216631" lon="140.1536619"><ele>23.612202914702596</ele><time>2026-08-14T21:53:53Z</time></trkpt><trkpt lat="35.721731" lon="140.1539049"><ele>25.513399893836738</ele><time>2026-08-14T21:54:08Z</time></trkpt><trkpt lat="35.7217643" lon="140.1541617"><ele>27.38141440783292</ele><time>2026-08-14T21:54:26Z</time></trkpt><trkpt lat="35.7218184" lon="140.1544027"><ele>27.316107854844415</ele><time>2026-08-14T21:54:40Z</time></trkpt><trkpt lat="35.7218901" lon="140.1546317"><ele>26.18409436640071</ele><time>2026-08-14T21:54:55Z</time></trkpt><trkpt lat="35.7219454" lon="140.1548502"><ele>24.285280222633606</ele><time>2026-08-14T21:55:09Z</time></trkpt><trkpt lat="35.722052" lon="140.1550765"><ele>22.152987944067025</ele><time>2026-08-14T21:55:26Z</time></trkpt><trkpt lat="35.7220935" lon="140.1552932"><ele>19.454064464714865</ele><time>2026-08-14T21:55:39Z</time></trkpt><trkpt lat="35.7221839" lon="140.1555283"><ele>17.421770846213686</ele><time>2026-08-14T21:55:56Z</time></trkpt><trkpt lat="35.7221961" lon="140.1557508"><ele>17.356334584998134</ele><time>2026-08-14T21:56:10Z</time></trkpt><trkpt lat="35.7222725" lon="140.1560023"><ele>19.824236719881316</ele><time>2026-08-14T21:56:27Z</time></trkpt><trkpt lat="35.7224078" lon="140.1561882"><ele>22.29193132464032</ele><time>2026-08-14T21:56:42Z</time></trkpt><trkpt lat="35.7225621" lon="140.1563666"><ele>22.292557498771117</ele><time>2026-08-14T21:57:10Z</time></trkpt><trkpt lat="35.722629" lon="140.1565988"><ele>21.65982602369732</ele><time>2026-08-14T21:57:24Z</time></trkpt><trkpt lat="35.7228263" lon="140.1565023"><ele>19.82632026455386</ele><time>2026-08-14T21:57:39Z</time></trkpt><trkpt lat="35.7228764" lon="140.1567559"><ele>19.99320598406758</ele><time>2026-08-14T21:58:26Z</time></trkpt><trkpt lat="35.723018" lon="140.1569087"><ele>18.593085634021946</ele><time>2026-08-14T21:58:53Z</time></trkpt><trkpt lat="35.723143" lon="140.157096"><ele>17.093763565511896</ele><time>2026-08-14T21:59:07Z</time></trkpt><trkpt lat="35.7232556" lon="140.1573291"><ele>15.627595095323066</ele><time>2026-08-14T21:59:25Z</time></trkpt><trkpt lat="35.7234042" lon="140.1574686"><ele>16.194714320716965</ele><time>2026-08-14T21:59:36Z</time></trkpt><trkpt lat="35.7235445" lon="140.1576111"><ele>18.295032055653163</ele><time>2026-08-14T21:59:50Z</time></trkpt><trkpt lat="35.7236827" lon="140.1577626"><ele>19.995109493416965</ele><time>2026-08-14T22:00:04Z</time></trkpt><trkpt lat="35.7238381" lon="140.1579245"><ele>21.26188949528901</ele><time>2026-08-14T22:00:18Z</time></trkpt><trkpt lat="35.724023" lon="140.1580744"><ele>21.828590954820026</ele><time>2026-08-14T22:00:34Z</time></trkpt><trkpt lat="35.7241918" lon="140.1582053"><ele>22.095180052555232</ele><time>2026-08-14T22:00:49Z</time></trkpt><trkpt lat="35.7243584" lon="140.158312"><ele>21.894952863032476</ele><time>2026-08-14T22:01:03Z</time></trkpt><trkpt lat="35.7245463" lon="140.1584252"><ele>22.227968820396928</ele><time>2026-08-14T22:01:20Z</time></trkpt><trkpt lat="35.7247314" lon="140.1585125"><ele>22.460850761466432</ele><time>2026-08-14T22:01:33Z</time></trkpt><trkpt lat="35.7248989" lon="140.158602"><ele>22.02702471453178</ele><time>2026-08-14T22:01:47Z</time></trkpt><trkpt lat="35.7250986" lon="140.1586988"><ele>21.99313593933873</ele><time>2026-08-14T22:02:03Z</time></trkpt><trkpt lat="35.7252998" lon="140.1587819"><ele>21.85920298012093</ele><time>2026-08-14T22:02:17Z</time></trkpt><trkpt lat="35.7254765" lon="140.1588768"><ele>21.791928934824664</ele><time>2026-08-14T22:02:32Z</time></trkpt><trkpt lat="35.7256451" lon="140.1589784"><ele>21.624731547301355</ele><time>2026-08-14T22:02:46Z</time></trkpt><trkpt lat="35.7258249" lon="140.1590694"><ele>22.224263877096906</ele><time>2026-08-14T22:03:00Z</time></trkpt><trkpt lat="35.7260027" lon="140.1591329"><ele>23.223722455109055</ele><time>2026-08-14T22:03:14Z</time></trkpt><trkpt lat="35.7261949" lon="140.1591713"><ele>23.522987489426935</ele><time>2026-08-14T22:03:29Z</time></trkpt><trkpt lat="35.7263929" lon="140.1592096"><ele>23.255427643678487</ele><time>2026-08-14T22:03:46Z</time></trkpt><trkpt lat="35.7263918" lon="140.1594488"><ele>21.05531251395445</ele><time>2026-08-14T22:04:07Z</time></trkpt><trkpt lat="35.7265404" lon="140.159287"><ele>19.988171081720765</ele><time>2026-08-14T22:04:28Z</time></trkpt><trkpt lat="35.7267359" lon="140.1592353"><ele>19.42083157809906</ele><time>2026-08-14T22:04:55Z</time></trkpt><trkpt lat="35.7269768" lon="140.1592114"><ele>20.38571523160967</ele><time>2026-08-14T22:05:29Z</time></trkpt><trkpt lat="35.7271595" lon="140.1593177"><ele>21.351131785096253</ele><time>2026-08-14T22:05:44Z</time></trkpt><trkpt lat="35.7273648" lon="140.1593802"><ele>22.1834518456708</ele><time>2026-08-14T22:06:00Z</time></trkpt><trkpt lat="35.7275434" lon="140.1594533"><ele>22.716123365026647</ele><time>2026-08-14T22:06:14Z</time></trkpt><trkpt lat="35.7277271" lon="140.1595035"><ele>22.21533252787317</ele><time>2026-08-14T22:06:28Z</time></trkpt><trkpt lat="35.7279155" lon="140.1595845"><ele>21.781285791088678</ele><time>2026-08-14T22:06:42Z</time></trkpt><trkpt lat="35.7281203" lon="140.1596547"><ele>22.313843005806607</ele><time>2026-08-14T22:06:59Z</time></trkpt><trkpt lat="35.7283115" lon="140.1597221"><ele>23.079756029782782</ele><time>2026-08-14T22:07:14Z</time></trkpt><trkpt lat="35.7285042" lon="140.1598339"><ele>23.012395534078923</ele><time>2026-08-14T22:07:32Z</time></trkpt><trkpt lat="35.7286745" lon="140.1599314"><ele>22.311836387536705</ele><time>2026-08-14T22:07:46Z</time></trkpt><trkpt lat="35.7288451" lon="140.1600972"><ele>21.344875568965048</ele><time>2026-08-14T22:08:03Z</time></trkpt><trkpt lat="35.7289837" lon="140.1602931"><ele>20.344885558351347</ele><time>2026-08-14T22:08:19Z</time></trkpt><trkpt lat="35.7290688" lon="140.1604916"><ele>19.51197081938021</ele><time>2026-08-14T22:08:36Z</time></trkpt><trkpt lat="35.7292749" lon="140.160544"><ele>20.145391303239343</ele><time>2026-08-14T22:08:59Z</time></trkpt><trkpt lat="35.7294642" lon="140.1606329"><ele>20.74512904542718</ele><time>2026-08-14T22:09:17Z</time></trkpt><trkpt lat="35.7295339" lon="140.1608505"><ele>21.811608793387723</ele><time>2026-08-14T22:09:30Z</time></trkpt><trkpt lat="35.729624" lon="140.1610903"><ele>21.178757168248044</ele><time>2026-08-14T22:09:45Z</time></trkpt><trkpt lat="35.7296973" lon="140.1612981"><ele>21.57975354388962</ele><time>2026-08-14T22:09:57Z</time></trkpt><trkpt lat="35.7297744" lon="140.1615289"><ele>21.31409667836345</ele><time>2026-08-14T22:10:11Z</time></trkpt><trkpt lat="35.7298677" lon="140.1617667"><ele>21.48176132782317</ele><time>2026-08-14T22:10:27Z</time></trkpt><trkpt lat="35.729936" lon="140.1620194"><ele>21.116203779516702</ele><time>2026-08-14T22:10:42Z</time></trkpt><trkpt lat="35.729994" lon="140.1622768"><ele>20.884079779547193</ele><time>2026-08-14T22:10:58Z</time></trkpt><trkpt lat="35.7300525" lon="140.1625329"><ele>21.185404323900585</ele><time>2026-08-14T22:11:12Z</time></trkpt><trkpt lat="35.7301177" lon="140.1627468"><ele>21.819981354740786</ele><time>2026-08-14T22:11:27Z</time></trkpt><trkpt lat="35.7301389" lon="140.1629877"><ele>23.05459996433146</ele><time>2026-08-14T22:11:41Z</time></trkpt><trkpt lat="35.7301979" lon="140.1632197"><ele>23.722496425525964</ele><time>2026-08-14T22:12:00Z</time></trkpt><trkpt lat="35.7301992" lon="140.1634454"><ele>24.690556308957998</ele><time>2026-08-14T22:12:14Z</time></trkpt><trkpt lat="35.7301683" lon="140.1636643"><ele>24.925345288384005</ele><time>2026-08-14T22:12:33Z</time></trkpt><trkpt lat="35.730209" lon="140.1639284"><ele>24.693578799956097</ele><time>2026-08-14T22:13:49Z</time></trkpt><trkpt lat="35.7301754" lon="140.1641994"><ele>23.895322369485115</ele><time>2026-08-14T22:14:07Z</time></trkpt><trkpt lat="35.7301278" lon="140.1644483"><ele>23.39716933065428</ele><time>2026-08-14T22:14:22Z</time></trkpt><trkpt lat="35.7300849" lon="140.1647097"><ele>23.332523457049223</ele><time>2026-08-14T22:14:37Z</time></trkpt><trkpt lat="35.7300921" lon="140.1649495"><ele>22.767719900019145</ele><time>2026-08-14T22:14:51Z</time></trkpt><trkpt lat="35.730094" lon="140.165184"><ele>21.369444245739455</ele><time>2026-08-14T22:15:05Z</time></trkpt><trkpt lat="35.7301346" lon="140.165402"><ele>19.704224654516768</ele><time>2026-08-14T22:15:19Z</time></trkpt><trkpt lat="35.7301466" lon="140.1656484"><ele>18.805676126157483</ele><time>2026-08-14T22:15:33Z</time></trkpt><trkpt lat="35.7301562" lon="140.1659196"><ele>18.173859975842028</ele><time>2026-08-14T22:15:50Z</time></trkpt><trkpt lat="35.7301773" lon="140.1661616"><ele>17.308806281205463</ele><time>2026-08-14T22:16:05Z</time></trkpt><trkpt lat="35.7302321" lon="140.1664083"><ele>17.07699408242814</ele><time>2026-08-14T22:16:22Z</time></trkpt><trkpt lat="35.7302739" lon="140.1666303"><ele>16.64500177010424</ele><time>2026-08-14T22:16:34Z</time></trkpt><trkpt lat="35.7303605" lon="140.1668757"><ele>15.579542002218181</ele><time>2026-08-14T22:16:52Z</time></trkpt><trkpt lat="35.7304164" lon="140.1671033"><ele>12.94736999756077</ele><time>2026-08-14T22:17:06Z</time></trkpt><trkpt lat="35.7304008" lon="140.1673385"><ele>11.982018170434237</ele><time>2026-08-14T22:17:42Z</time></trkpt><trkpt lat="35.7305148" lon="140.1675512"><ele>13.349866648895933</ele><time>2026-08-14T22:17:56Z</time></trkpt><trkpt lat="35.7306094" lon="140.1677688"><ele>13.984275283592199</ele><time>2026-08-14T22:18:10Z</time></trkpt><trkpt lat="35.7306735" lon="140.1680126"><ele>13.41853043346432</ele><time>2026-08-14T22:19:28Z</time></trkpt><trkpt lat="35.7308625" lon="140.1681208"><ele>11.519054916202043</ele><time>2026-08-14T22:19:42Z</time></trkpt><trkpt lat="35.7309605" lon="140.1683172"><ele>9.65285732547982</ele><time>2026-08-14T22:19:56Z</time></trkpt><trkpt lat="35.7310791" lon="140.1685462"><ele>7.386507915406564</ele><time>2026-08-14T22:20:24Z</time></trkpt><trkpt lat="35.7310918" lon="140.1688089"><ele>5.220886482938461</ele><time>2026-08-14T22:20:38Z</time></trkpt><trkpt lat="35.731108" lon="140.1690358"><ele>4.422177122488596</ele><time>2026-08-14T22:20:52Z</time></trkpt><trkpt lat="35.7311125" lon="140.1693051"><ele>4.557138644811263</ele><time>2026-08-14T22:21:16Z</time></trkpt><trkpt lat="35.7311385" lon="140.1695706"><ele>3.6254108097936046</ele><time>2026-08-14T22:21:30Z</time></trkpt><trkpt lat="35.7311646" lon="140.1697962"><ele>2.8936584555745006</ele><time>2026-08-14T22:21:44Z</time></trkpt><trkpt lat="35.7311942" lon="140.1700318"><ele>1.6951092793006097</ele><time>2026-08-14T22:22:30Z</time></trkpt><trkpt lat="35.7311818" lon="140.1702577"><ele>1.2965547399469532</ele><time>2026-08-14T22:23:39Z</time></trkpt><trkpt lat="35.7313036" lon="140.1704564"><ele>0.6310649271128762</ele><time>2026-08-14T22:23:56Z</time></trkpt><trkpt lat="35.7313855" lon="140.1706749"><ele>1.9320894263859476</ele><time>2026-08-14T22:24:11Z</time></trkpt><trkpt lat="35.7314469" lon="140.1708862"><ele>4.966253713547613</ele><time>2026-08-14T22:24:29Z</time></trkpt><trkpt lat="35.7313263" lon="140.171112"><ele>6.334339551417339</ele><time>2026-08-14T22:24:43Z</time></trkpt><trkpt lat="35.7311112" lon="140.1710923"><ele>5.804156684174309</ele><time>2026-08-14T22:49:35Z</time></trkpt><trkpt lat="35.7312895" lon="140.17117"><ele>5.803835171766838</ele><time>2026-08-14T22:49:45Z</time></trkpt><trkpt lat="35.7314694" lon="140.1711364"><ele>5.803260810719723</ele><time>2026-08-14T22:49:53Z</time></trkpt><trkpt lat="35.7316014" lon="140.1713226"><ele>5.802708599194863</ele><time>2026-08-14T22:50:12Z</time></trkpt><trkpt lat="35.7316598" lon="140.1715822"><ele>5.802824623712617</ele><time>2026-08-14T22:50:27Z</time></trkpt><trkpt lat="35.7317868" lon="140.1717852"><ele>5.8035852885024655</ele><time>2026-08-14T22:50:44Z</time></trkpt><trkpt lat="35.7319818" lon="140.1719297"><ele>5.804114615697851</ele><time>2026-08-14T22:51:01Z</time></trkpt><trkpt lat="35.7321742" lon="140.171957"><ele>5.8038313459358335</ele><time>2026-08-14T22:51:16Z</time></trkpt><trkpt lat="35.7323866" lon="140.171995"><ele>5.802992165782662</ele><time>2026-08-14T22:51:30Z</time></trkpt><trkpt lat="35.7325713" lon="140.1721189"><ele>5.802128913656882</ele><time>2026-08-14T22:51:45Z</time></trkpt><trkpt lat="35.7326979" lon="140.1722854"><ele>8.968386526192036</ele><time>2026-08-14T22:52:04Z</time></trkpt><trkpt lat="35.7327736" lon="140.1724963"><ele>11.435328536262817</ele><time>2026-08-14T22:52:22Z</time></trkpt><trkpt lat="35.7328646" lon="140.1726875"><ele>14.535958343143294</ele><time>2026-08-14T22:52:38Z</time></trkpt><trkpt lat="35.7330296" lon="140.1728503"><ele>15.46982907152374</ele><time>2026-08-14T22:52:52Z</time></trkpt><trkpt lat="35.7331833" lon="140.1729775"><ele>17.20334195330479</ele><time>2026-08-14T22:53:07Z</time></trkpt><trkpt lat="35.7333838" lon="140.1730778"><ele>18.403072226615723</ele><time>2026-08-14T22:53:22Z</time></trkpt><trkpt lat="35.7335604" lon="140.1731833"><ele>18.969292680216558</ele><time>2026-08-14T22:53:36Z</time></trkpt><trkpt lat="35.7337463" lon="140.1732807"><ele>19.135351860252523</ele><time>2026-08-14T22:53:52Z</time></trkpt><trkpt lat="35.7339626" lon="140.173307"><ele>19.501189695625435</ele><time>2026-08-14T22:54:09Z</time></trkpt><trkpt lat="35.734154" lon="140.173323"><ele>19.700126682705875</ele><time>2026-08-14T22:54:26Z</time></trkpt><trkpt lat="35.7343262" lon="140.1734693"><ele>20.19920390197088</ele><time>2026-08-14T22:55:09Z</time></trkpt><trkpt lat="35.7344487" lon="140.173639"><ele>19.165484105245536</ele><time>2026-08-14T22:55:26Z</time></trkpt><trkpt lat="35.7346494" lon="140.1736869"><ele>17.765146737566912</ele><time>2026-08-14T22:55:40Z</time></trkpt><trkpt lat="35.7348385" lon="140.1737335"><ele>17.33121439961495</ele><time>2026-08-14T22:55:54Z</time></trkpt><trkpt lat="35.7350504" lon="140.1737847"><ele>18.763477359985256</ele><time>2026-08-14T22:56:10Z</time></trkpt><trkpt lat="35.735212" lon="140.1739469"><ele>21.462751419033292</ele><time>2026-08-14T22:57:52Z</time></trkpt><trkpt lat="35.7352257" lon="140.1742114"><ele>22.89624955217725</ele><time>2026-08-14T22:58:07Z</time></trkpt><trkpt lat="35.7352143" lon="140.1744423"><ele>24.397331347625528</ele><time>2026-08-14T22:58:25Z</time></trkpt><trkpt lat="35.7352511" lon="140.1746762"><ele>24.73219498579786</ele><time>2026-08-14T22:58:40Z</time></trkpt><trkpt lat="35.7352326" lon="140.1749292"><ele>23.8337744534788</ele><time>2026-08-14T22:58:58Z</time></trkpt><trkpt lat="35.7352389" lon="140.1751596"><ele>22.30195732948016</ele><time>2026-08-14T22:59:10Z</time></trkpt><trkpt lat="35.7350321" lon="140.175258"><ele>20.603725616105866</ele><time>2026-08-14T23:00:12Z</time></trkpt><trkpt lat="35.7348577" lon="140.175199"><ele>19.938503936515747</ele><time>2026-08-14T23:00:24Z</time></trkpt><trkpt lat="35.7347099" lon="140.1750482"><ele>18.07283382184956</ele><time>2026-08-14T23:00:39Z</time></trkpt><trkpt lat="35.7345557" lon="140.1749147"><ele>16.13987812197025</ele><time>2026-08-14T23:00:54Z</time></trkpt><trkpt lat="35.7343869" lon="140.1747994"><ele>13.740109203255408</ele><time>2026-08-14T23:01:06Z</time></trkpt><trkpt lat="35.7342165" lon="140.1746414"><ele>12.007022813306579</ele><time>2026-08-14T23:01:21Z</time></trkpt><trkpt lat="35.7340176" lon="140.1745687"><ele>11.374168683752215</ele><time>2026-08-14T23:01:35Z</time></trkpt><trkpt lat="35.7338282" lon="140.1745417"><ele>11.30822532489087</ele><time>2026-08-14T23:02:22Z</time></trkpt><trkpt lat="35.734025" lon="140.1745393"><ele>11.608442493193484</ele><time>2026-08-14T23:02:55Z</time></trkpt><trkpt lat="35.7341863" lon="140.1746905"><ele>12.408322140074043</ele><time>2026-08-14T23:04:18Z</time></trkpt><trkpt lat="35.734361" lon="140.174772"><ele>13.307597979125797</ele><time>2026-08-14T23:04:29Z</time></trkpt><trkpt lat="35.7345466" lon="140.1749236"><ele>14.207242435654381</ele><time>2026-08-14T23:04:44Z</time></trkpt><trkpt lat="35.7347157" lon="140.1750616"><ele>14.706830535384235</ele><time>2026-08-14T23:05:00Z</time></trkpt><trkpt lat="35.7348881" lon="140.1751958"><ele>15.639856275898907</ele><time>2026-08-14T23:05:15Z</time></trkpt><trkpt lat="35.7351067" lon="140.1752504"><ele>17.572581689542886</ele><time>2026-08-14T23:05:29Z</time></trkpt><trkpt lat="35.7352643" lon="140.1753686"><ele>19.971948519098508</ele><time>2026-08-14T23:05:44Z</time></trkpt><trkpt lat="35.7352189" lon="140.1756347"><ele>21.93876392788307</ele><time>2026-08-14T23:05:59Z</time></trkpt><trkpt lat="35.7352429" lon="140.1758946"><ele>22.473127586678686</ele><time>2026-08-14T23:06:13Z</time></trkpt><trkpt lat="35.7352574" lon="140.1761484"><ele>22.774774090056628</ele><time>2026-08-14T23:06:29Z</time></trkpt><trkpt lat="35.7352781" lon="140.1764035"><ele>23.37624378921483</ele><time>2026-08-14T23:06:44Z</time></trkpt><trkpt lat="35.7352672" lon="140.1766524"><ele>25.144438344812425</ele><time>2026-08-14T23:06:58Z</time></trkpt><trkpt lat="35.7352654" lon="140.1769108"><ele>25.379347112904497</ele><time>2026-08-14T23:07:14Z</time></trkpt><trkpt lat="35.73513" lon="140.1770635"><ele>24.247738918087254</ele><time>2026-08-14T23:07:31Z</time></trkpt><trkpt lat="35.7349318" lon="140.1770572"><ele>23.01603374293028</ele><time>2026-08-14T23:07:44Z</time></trkpt><trkpt lat="35.7347447" lon="140.1770596"><ele>23.584225237002755</ele><time>2026-08-14T23:07:56Z</time></trkpt><trkpt lat="35.7349244" lon="140.1770226"><ele>25.117952247952285</ele><time>2026-08-14T23:08:14Z</time></trkpt><trkpt lat="35.7351074" lon="140.1769895"><ele>26.0507346871885</ele><time>2026-08-14T23:08:26Z</time></trkpt><trkpt lat="35.7352634" lon="140.1771464"><ele>25.31637379115161</ele><time>2026-08-14T23:08:41Z</time></trkpt><trkpt lat="35.7352087" lon="140.1774039"><ele>22.149841789740595</ele><time>2026-08-14T23:09:15Z</time></trkpt><trkpt lat="35.7350747" lon="140.1776175"><ele>18.617898120707974</ele><time>2026-08-14T23:09:36Z</time></trkpt><trkpt lat="35.7349148" lon="140.1777707"><ele>14.653350162350648</ele><time>2026-08-14T23:09:58Z</time></trkpt><trkpt lat="35.7348936" lon="140.1780037"><ele>12.52200650259703</ele><time>2026-08-14T23:10:10Z</time></trkpt><trkpt lat="35.7347361" lon="140.1781647"><ele>9.690608135267405</ele><time>2026-08-14T23:10:27Z</time></trkpt><trkpt lat="35.7345774" lon="140.1779974"><ele>7.491869911756441</ele><time>2026-08-14T23:11:25Z</time></trkpt><trkpt lat="35.7344114" lon="140.177865"><ele>5.6593716800740355</ele><time>2026-08-14T23:11:41Z</time></trkpt><trkpt lat="35.7342721" lon="140.1776949"><ele>4.7261377713040815</ele><time>2026-08-14T23:11:55Z</time></trkpt><trkpt lat="35.734103" lon="140.1775413"><ele>4.792956307156132</ele><time>2026-08-14T23:12:12Z</time></trkpt><trkpt lat="35.7340271" lon="140.1773179"><ele>6.4927069440357075</ele><time>2026-08-14T23:12:30Z</time></trkpt><trkpt lat="35.7339346" lon="140.1771185"><ele>8.425619944927867</ele><time>2026-08-14T23:12:48Z</time></trkpt><trkpt lat="35.7337307" lon="140.17702"><ele>10.458729038592574</ele><time>2026-08-14T23:13:13Z</time></trkpt><trkpt lat="35.7339026" lon="140.1770899"><ele>11.591874923653656</ele><time>2026-08-14T23:13:42Z</time></trkpt><trkpt lat="35.7340391" lon="140.1772458"><ele>12.158564677129776</ele><time>2026-08-14T23:14:08Z</time></trkpt><trkpt lat="35.7340799" lon="140.1775154"><ele>10.925455209146493</ele><time>2026-08-14T23:14:23Z</time></trkpt><trkpt lat="35.7342191" lon="140.1777284"><ele>8.692721354374891</ele><time>2026-08-14T23:14:37Z</time></trkpt><trkpt lat="35.734387" lon="140.1779011"><ele>6.459948938788767</ele><time>2026-08-14T23:14:52Z</time></trkpt><trkpt lat="35.7345713" lon="140.1780404"><ele>5.326568354895194</ele><time>2026-08-14T23:15:10Z</time></trkpt><trkpt lat="35.7347316" lon="140.1781568"><ele>5.55960242482512</ele><time>2026-08-14T23:15:22Z</time></trkpt><trkpt lat="35.7347468" lon="140.1783789"><ele>6.4930959124133905</ele><time>2026-08-14T23:15:36Z</time></trkpt><trkpt lat="35.7346852" lon="140.1786195"><ele>7.227375313877114</ele><time>2026-08-14T23:15:49Z</time></trkpt><trkpt lat="35.7346981" lon="140.1788817"><ele>7.395637222693473</ele><time>2026-08-14T23:16:06Z</time></trkpt><trkpt lat="35.7348011" lon="140.1790769"><ele>5.263637576029464</ele><time>2026-08-14T23:16:31Z</time></trkpt><trkpt lat="35.7350038" lon="140.1791388"><ele>4.1973128387921195</ele><time>2026-08-14T23:16:47Z</time></trkpt><trkpt lat="35.735181" lon="140.1792681"><ele>3.7303256250633865</ele><time>2026-08-14T23:17:04Z</time></trkpt><trkpt lat="35.7353384" lon="140.1794058"><ele>4.596423843514455</ele><time>2026-08-14T23:18:21Z</time></trkpt><trkpt lat="35.7354647" lon="140.1795846"><ele>3.3296114344542125</ele><time>2026-08-14T23:18:35Z</time></trkpt><trkpt lat="35.7355445" lon="140.1798247"><ele>1.996591354696778</ele><time>2026-08-14T23:18:49Z</time></trkpt><trkpt lat="35.7356341" lon="140.1800171"><ele>1.8971771446708914</ele><time>2026-08-14T23:19:01Z</time></trkpt><trkpt lat="35.7357429" lon="140.180235"><ele>2.5312184956081816</ele><time>2026-08-14T23:19:16Z</time></trkpt><trkpt lat="35.7358626" lon="140.1804676"><ele>1.3318169865113678</ele><time>2026-08-14T23:19:33Z</time></trkpt><trkpt lat="35.7359926" lon="140.1806738"><ele>-0.5676507597904129</ele><time>2026-08-14T23:19:49Z</time></trkpt><trkpt lat="35.7359785" lon="140.1809195"><ele>0.5332273570078669</ele><time>2026-08-14T23:21:42Z</time></trkpt><trkpt lat="35.7358147" lon="140.1810731"><ele>2.934603680688317</ele><time>2026-08-14T23:21:56Z</time></trkpt><trkpt lat="35.7356936" lon="140.1812746"><ele>5.703225728079798</ele><time>2026-08-14T23:22:12Z</time></trkpt><trkpt lat="35.7355757" lon="140.1814789"><ele>5.672004784055865</ele><time>2026-08-14T23:22:39Z</time></trkpt><trkpt lat="35.7354333" lon="140.1816411"><ele>5.7407531389266095</ele><time>2026-08-14T23:22:54Z</time></trkpt><trkpt lat="35.7353284" lon="140.1818317"><ele>5.7427742530350825</ele><time>2026-08-14T23:23:09Z</time></trkpt><trkpt lat="35.7351964" lon="140.1820549"><ele>5.744868461551516</ele><time>2026-08-14T23:23:24Z</time></trkpt><trkpt lat="35.7350872" lon="140.1822729"><ele>5.747001892867746</ele><time>2026-08-14T23:23:39Z</time></trkpt><trkpt lat="35.7349701" lon="140.1824786"><ele>5.74919601395288</ele><time>2026-08-14T23:23:54Z</time></trkpt><trkpt lat="35.7348458" lon="140.1826542"><ele>5.717940180722117</ele><time>2026-08-14T23:24:08Z</time></trkpt><trkpt lat="35.7347098" lon="140.1828029"><ele>5.719936124905973</ele><time>2026-08-14T23:24:20Z</time></trkpt><trkpt lat="35.7345706" lon="140.1829859"><ele>5.788603645117632</ele><time>2026-08-14T23:24:35Z</time></trkpt><trkpt lat="35.7343989" lon="140.1831296"><ele>5.857315770998693</ele><time>2026-08-14T23:24:49Z</time></trkpt><trkpt lat="35.7342422" lon="140.18325"><ele>6.0926844185319995</ele><time>2026-08-14T23:25:04Z</time></trkpt><trkpt lat="35.7341029" lon="140.1833906"><ele>6.561298313966286</ele><time>2026-08-14T23:25:16Z</time></trkpt><trkpt lat="35.7339286" lon="140.1835396"><ele>6.829929890919199</ele><time>2026-08-14T23:25:34Z</time></trkpt><trkpt lat="35.7338199" lon="140.1837318"><ele>5.731932729797748</ele><time>2026-08-14T23:26:07Z</time></trkpt><trkpt lat="35.7338176" lon="140.1839799"><ele>4.867172143289461</ele><time>2026-08-14T23:26:21Z</time></trkpt><trkpt lat="35.7337796" lon="140.1842079"><ele>5.4022566736683615</ele><time>2026-08-14T23:26:32Z</time></trkpt><trkpt lat="35.7337995" lon="140.1844451"><ele>5.370466259058136</ele><time>2026-08-14T23:26:56Z</time></trkpt><trkpt lat="35.7337698" lon="140.1847061"><ele>4.905434140309299</ele><time>2026-08-14T23:27:13Z</time></trkpt><trkpt lat="35.7337747" lon="140.1849393"><ele>4.106978584447833</ele><time>2026-08-14T23:27:27Z</time></trkpt><trkpt lat="35.7336933" lon="140.1851596"><ele>4.742059777382562</ele><time>2026-08-14T23:27:45Z</time></trkpt><trkpt lat="35.7339055" lon="140.1851789"><ele>3.9093973619849955</ele><time>2026-08-14T23:28:52Z</time></trkpt><trkpt lat="35.7340817" lon="140.1852871"><ele>2.442735552717681</ele><time>2026-08-14T23:29:06Z</time></trkpt><trkpt lat="35.734274" lon="140.185408"><ele>2.6418863754908535</ele><time>2026-08-14T23:29:20Z</time></trkpt><trkpt lat="35.7344485" lon="140.1855102"><ele>3.874632810790198</ele><time>2026-08-14T23:29:35Z</time></trkpt><trkpt lat="35.734639" lon="140.1856311"><ele>4.507371689565606</ele><time>2026-08-14T23:29:49Z</time></trkpt><trkpt lat="35.7347937" lon="140.1857505"><ele>3.2735290551426814</ele><time>2026-08-14T23:30:02Z</time></trkpt><trkpt lat="35.7349848" lon="140.1858955"><ele>2.773069719429934</ele><time>2026-08-14T23:30:17Z</time></trkpt><trkpt lat="35.735121" lon="140.1860633"><ele>4.939502872248982</ele><time>2026-08-14T23:30:33Z</time></trkpt><trkpt lat="35.7352222" lon="140.1862997"><ele>6.8396399300274195</ele><time>2026-08-14T23:30:50Z</time></trkpt><trkpt lat="35.7352492" lon="140.1865441"><ele>6.740371940198997</ele><time>2026-08-14T23:31:09Z</time></trkpt><trkpt lat="35.7351827" lon="140.1867859"><ele>3.975070632100208</ele><time>2026-08-14T23:31:29Z</time></trkpt><trkpt lat="35.7353236" lon="140.1869327"><ele>3.042821174255503</ele><time>2026-08-14T23:31:38Z</time></trkpt><trkpt lat="35.7354989" lon="140.1869962"><ele>3.47650943416428</ele><time>2026-08-14T23:32:03Z</time></trkpt><trkpt lat="35.7355485" lon="140.1872241"><ele>4.476560619017664</ele><time>2026-08-14T23:32:18Z</time></trkpt><trkpt lat="35.7356166" lon="140.1874615"><ele>4.343639619211383</ele><time>2026-08-14T23:32:35Z</time></trkpt><trkpt lat="35.7357748" lon="140.1876387"><ele>4.47766290620783</ele><time>2026-08-14T23:32:53Z</time></trkpt><trkpt lat="35.7357642" lon="140.1878798"><ele>4.845189292531451</ele><time>2026-08-14T23:33:07Z</time></trkpt><trkpt lat="35.7358933" lon="140.1880805"><ele>5.479160914470957</ele><time>2026-08-14T23:33:23Z</time></trkpt><trkpt lat="35.7359387" lon="140.1883195"><ele>6.013528288809996</ele><time>2026-08-14T23:33:37Z</time></trkpt><trkpt lat="35.7360102" lon="140.1885588"><ele>5.847697254438515</ele><time>2026-08-14T23:33:55Z</time></trkpt><trkpt lat="35.7359968" lon="140.1887947"><ele>6.215610362144197</ele><time>2026-08-14T23:34:24Z</time></trkpt><trkpt lat="35.7359754" lon="140.1890279"><ele>6.78366955777953</ele><time>2026-08-14T23:34:40Z</time></trkpt><trkpt lat="35.7358706" lon="140.1892354"><ele>7.285413635588206</ele><time>2026-08-14T23:35:01Z</time></trkpt><trkpt lat="35.7358445" lon="140.1894637"><ele>7.153838777888271</ele><time>2026-08-14T23:35:13Z</time></trkpt><trkpt lat="35.7358337" lon="140.1897289"><ele>5.788972442276152</ele><time>2026-08-14T23:35:27Z</time></trkpt><trkpt lat="35.7358477" lon="140.1899857"><ele>3.95726071433293</ele><time>2026-08-14T23:35:42Z</time></trkpt><trkpt lat="35.7358565" lon="140.1902268"><ele>1.092159582116847</ele><time>2026-08-14T23:35:56Z</time></trkpt><trkpt lat="35.7358708" lon="140.1904758"><ele>-0.8063683440480057</ele><time>2026-08-14T23:36:10Z</time></trkpt><trkpt lat="35.7358805" lon="140.1907471"><ele>-1.6715224962853317</ele><time>2026-08-14T23:36:28Z</time></trkpt><trkpt lat="35.7358694" lon="140.1909922"><ele>-1.003287692389975</ele><time>2026-08-14T23:36:43Z</time></trkpt><trkpt lat="35.7358694" lon="140.1912195"><ele>1.164935750270293</ele><time>2026-08-14T23:36:57Z</time></trkpt><trkpt lat="35.7358806" lon="140.1914795"><ele>3.8997986643690985</ele><time>2026-08-14T23:37:12Z</time></trkpt><trkpt lat="35.7359016" lon="140.1917106"><ele>7.934555959597243</ele><time>2026-08-14T23:37:28Z</time></trkpt><trkpt lat="35.7358303" lon="140.1919414"><ele>8.802823633847877</ele><time>2026-08-14T23:37:45Z</time></trkpt><trkpt lat="35.7357862" lon="140.1921576"><ele>6.904464859564257</ele><time>2026-08-14T23:38:00Z</time></trkpt><trkpt lat="35.7357845" lon="140.1923824"><ele>2.5394803638257364</ele><time>2026-08-14T23:38:18Z</time></trkpt><trkpt lat="35.7357919" lon="140.1926408"><ele>2.0743662219472725</ele><time>2026-08-14T23:38:35Z</time></trkpt><trkpt lat="35.7359069" lon="140.1928207"><ele>3.6087970979672215</ele><time>2026-08-14T23:39:05Z</time></trkpt><trkpt lat="35.7357377" lon="140.1929781"><ele>4.776819830183261</ele><time>2026-08-14T23:40:09Z</time></trkpt><trkpt lat="35.7357628" lon="140.1932207"><ele>4.678100693301819</ele><time>2026-08-14T23:40:23Z</time></trkpt><trkpt lat="35.7357472" lon="140.1934845"><ele>5.24653489126927</ele><time>2026-08-14T23:40:38Z</time></trkpt><trkpt lat="35.735758" lon="140.193706"><ele>6.881340539971724</ele><time>2026-08-14T23:40:50Z</time></trkpt><trkpt lat="35.7357377" lon="140.1939262"><ele>7.416207711529547</ele><time>2026-08-14T23:41:02Z</time></trkpt><trkpt lat="35.7358099" lon="140.1941317"><ele>6.850743444507574</ele><time>2026-08-14T23:41:19Z</time></trkpt><trkpt lat="35.7357427" lon="140.1943737"><ele>6.218841614132304</ele><time>2026-08-14T23:41:55Z</time></trkpt><trkpt lat="35.7356879" lon="140.1946122"><ele>6.587060526366851</ele><time>2026-08-14T23:42:09Z</time></trkpt><trkpt lat="35.7356179" lon="140.1948184"><ele>7.355620710867709</ele><time>2026-08-14T23:42:23Z</time></trkpt><trkpt lat="35.7355691" lon="140.1950361"><ele>6.990753088737404</ele><time>2026-08-14T23:42:37Z</time></trkpt><trkpt lat="35.7354918" lon="140.1952738"><ele>7.192604545051286</ele><time>2026-08-14T23:42:55Z</time></trkpt><trkpt lat="35.7353961" lon="140.1955129"><ele>7.827919895700326</ele><time>2026-08-14T23:44:31Z</time></trkpt><trkpt lat="35.7353516" lon="140.19578"><ele>10.063328503016605</ele><time>2026-08-14T23:44:47Z</time></trkpt><trkpt lat="35.7352483" lon="140.1960026"><ele>11.332101498119743</ele><time>2026-08-14T23:45:04Z</time></trkpt><trkpt lat="35.7351642" lon="140.1962028"><ele>12.567432456577109</ele><time>2026-08-14T23:45:22Z</time></trkpt><trkpt lat="35.7350954" lon="140.1964838"><ele>14.1695176897872</ele><time>2026-08-14T23:45:42Z</time></trkpt><trkpt lat="35.7349881" lon="140.1966875"><ele>15.704906745450648</ele><time>2026-08-14T23:45:56Z</time></trkpt><trkpt lat="35.7348651" lon="140.1968618"><ele>17.10700191312339</ele><time>2026-08-14T23:46:11Z</time></trkpt><trkpt lat="35.734748" lon="140.1970368"><ele>17.74232487809252</ele><time>2026-08-14T23:46:25Z</time></trkpt><trkpt lat="35.7345793" lon="140.1972026"><ele>17.744382898509166</ele><time>2026-08-14T23:46:40Z</time></trkpt><trkpt lat="35.7343916" lon="140.1973423"><ele>17.113190820541472</ele><time>2026-08-14T23:46:55Z</time></trkpt><trkpt lat="35.7342293" lon="140.1974387"><ele>16.681943060815946</ele><time>2026-08-14T23:47:08Z</time></trkpt><trkpt lat="35.7340637" lon="140.1975363"><ele>17.68387884057828</ele><time>2026-08-14T23:47:20Z</time></trkpt><trkpt lat="35.7338593" lon="140.1976261"><ele>20.35241725392912</ele><time>2026-08-14T23:48:33Z</time></trkpt><trkpt lat="35.7336557" lon="140.197657"><ele>22.7875844910938</ele><time>2026-08-14T23:48:44Z</time></trkpt><trkpt lat="35.7334731" lon="140.1976615"><ele>23.922597627558872</ele><time>2026-08-14T23:48:56Z</time></trkpt><trkpt lat="35.733366" lon="140.1978997"><ele>24.12435535961775</ele><time>2026-08-14T23:49:12Z</time></trkpt><trkpt lat="35.7332774" lon="140.1981084"><ele>24.592870164707204</ele><time>2026-08-14T23:49:30Z</time></trkpt><trkpt lat="35.7332547" lon="140.1983743"><ele>25.66154684996015</ele><time>2026-08-14T23:49:42Z</time></trkpt><trkpt lat="35.7331573" lon="140.1985791"><ele>26.330119031548268</ele><time>2026-08-14T23:50:02Z</time></trkpt><trkpt lat="35.7330262" lon="140.1987588"><ele>26.365390660905692</ele><time>2026-08-14T23:50:18Z</time></trkpt><trkpt lat="35.7329726" lon="140.1989707"><ele>25.633953251252866</ele><time>2026-08-14T23:50:30Z</time></trkpt><trkpt lat="35.7328783" lon="140.199212"><ele>24.769252480441327</ele><time>2026-08-14T23:50:47Z</time></trkpt><trkpt lat="35.7327237" lon="140.1993977"><ele>24.504618578923157</ele><time>2026-08-14T23:51:03Z</time></trkpt><trkpt lat="35.7326684" lon="140.1996278"><ele>24.306693830104695</ele><time>2026-08-14T23:51:19Z</time></trkpt><trkpt lat="35.7325686" lon="140.199827"><ele>25.408693771971542</ele><time>2026-08-14T23:51:34Z</time></trkpt><trkpt lat="35.7324854" lon="140.2000374"><ele>25.777244857728224</ele><time>2026-08-14T23:51:48Z</time></trkpt><trkpt lat="35.7324056" lon="140.2002807"><ele>26.512517617611604</ele><time>2026-08-14T23:52:05Z</time></trkpt><trkpt lat="35.73232" lon="140.2004848"><ele>26.04774402827284</ele><time>2026-08-14T23:52:25Z</time></trkpt><trkpt lat="35.7322474" lon="140.200714"><ele>25.949629598884368</ele><time>2026-08-14T23:52:40Z</time></trkpt><trkpt lat="35.7321428" lon="140.2009321"><ele>25.81818901929296</ele><time>2026-08-14T23:52:57Z</time></trkpt><trkpt lat="35.7320587" lon="140.2011437"><ele>25.720093459441557</ele><time>2026-08-14T23:53:11Z</time></trkpt><trkpt lat="35.7320136" lon="140.2013919"><ele>25.388639414034568</ele><time>2026-08-14T23:53:40Z</time></trkpt><trkpt lat="35.7318949" lon="140.2015749"><ele>24.823815098963337</ele><time>2026-08-14T23:53:52Z</time></trkpt><trkpt lat="35.731812" lon="140.2018109"><ele>24.892369988272566</ele><time>2026-08-14T23:54:06Z</time></trkpt><trkpt lat="35.7317493" lon="140.2020314"><ele>25.427577240023624</ele><time>2026-08-14T23:54:20Z</time></trkpt><trkpt lat="35.7316707" lon="140.2022524"><ele>25.562768088887598</ele><time>2026-08-14T23:54:34Z</time></trkpt><trkpt lat="35.7315749" lon="140.202498"><ele>24.598007853289023</ele><time>2026-08-14T23:54:50Z</time></trkpt><trkpt lat="35.7315036" lon="140.2027097"><ele>23.666583479091127</ele><time>2026-08-14T23:55:02Z</time></trkpt><trkpt lat="35.7314045" lon="140.2029599"><ele>23.80193103126346</ele><time>2026-08-14T23:55:17Z</time></trkpt><trkpt lat="35.7313071" lon="140.2031931"><ele>24.503924650221506</ele><time>2026-08-14T23:55:32Z</time></trkpt><trkpt lat="35.7312114" lon="140.203434"><ele>25.3060325253457</ele><time>2026-08-14T23:55:47Z</time></trkpt><trkpt lat="35.7311287" lon="140.2036721"><ele>26.074745707965054</ele><time>2026-08-14T23:56:01Z</time></trkpt><trkpt lat="35.7310509" lon="140.2038779"><ele>26.910026444829914</ele><time>2026-08-14T23:56:13Z</time></trkpt><trkpt lat="35.7309656" lon="140.204097"><ele>27.611906976152486</ele><time>2026-08-14T23:56:28Z</time></trkpt><trkpt lat="35.7308577" lon="140.2043118"><ele>26.84713284167665</ele><time>2026-08-14T23:56:55Z</time></trkpt><trkpt lat="35.7308005" lon="140.2045427"><ele>25.682361380258968</ele><time>2026-08-14T23:57:09Z</time></trkpt><trkpt lat="35.7307175" lon="140.2047525"><ele>24.55089976667236</ele><time>2026-08-14T23:57:23Z</time></trkpt><trkpt lat="35.7306186" lon="140.2049629"><ele>25.119408998639898</ele><time>2026-08-14T23:57:37Z</time></trkpt><trkpt lat="35.7305326" lon="140.2051873"><ele>25.6546385251275</ele><time>2026-08-14T23:57:51Z</time></trkpt><trkpt lat="35.7304425" lon="140.2054158"><ele>25.723255130019528</ele><time>2026-08-14T23:58:06Z</time></trkpt><trkpt lat="35.7303581" lon="140.2056519"><ele>25.45855633233711</ele><time>2026-08-14T23:58:20Z</time></trkpt><trkpt lat="35.7302972" lon="140.205905"><ele>25.79385698103304</ele><time>2026-08-14T23:58:35Z</time></trkpt><trkpt lat="35.7301834" lon="140.2061267"><ele>25.995865696217702</ele><time>2026-08-14T23:58:51Z</time></trkpt><trkpt lat="35.7301079" lon="140.2063514"><ele>25.764498206928078</ele><time>2026-08-14T23:59:05Z</time></trkpt><trkpt lat="35.7299947" lon="140.2065807"><ele>25.466537618219633</ele><time>2026-08-14T23:59:21Z</time></trkpt><trkpt lat="35.7299351" lon="140.2068127"><ele>25.301806169760738</ele><time>2026-08-14T23:59:35Z</time></trkpt><trkpt lat="35.7298389" lon="140.2070467"><ele>25.13714121172208</ele><time>2026-08-14T23:59:51Z</time></trkpt><trkpt lat="35.7297617" lon="140.2072644"><ele>24.305703803337945</ele><time>2026-08-15T00:00:05Z</time></trkpt><trkpt lat="35.7296648" lon="140.2075012"><ele>23.974362250423813</ele><time>2026-08-15T00:00:22Z</time></trkpt><trkpt lat="35.7295779" lon="140.2077036"><ele>24.10960339460932</ele><time>2026-08-15T00:00:36Z</time></trkpt><trkpt lat="35.7295079" lon="140.2079226"><ele>23.67816408952778</ele><time>2026-08-15T00:00:50Z</time></trkpt><trkpt lat="35.7294263" lon="140.2081676"><ele>22.280039380434165</ele><time>2026-08-15T00:01:05Z</time></trkpt><trkpt lat="35.7293507" lon="140.2083708"><ele>20.448557079430973</ele><time>2026-08-15T00:01:17Z</time></trkpt><trkpt lat="35.7292539" lon="140.2085888"><ele>19.150468279305656</ele><time>2026-08-15T00:01:32Z</time></trkpt><trkpt lat="35.7291684" lon="140.2088182"><ele>18.685691082883523</ele><time>2026-08-15T00:01:47Z</time></trkpt><trkpt lat="35.7290774" lon="140.2090329"><ele>18.020972601840285</ele><time>2026-08-15T00:02:02Z</time></trkpt><trkpt lat="35.7289977" lon="140.2092464"><ele>17.756205928124945</ele><time>2026-08-15T00:02:16Z</time></trkpt><trkpt lat="35.7289177" lon="140.2095044"><ele>16.42481703661106</ele><time>2026-08-15T00:02:32Z</time></trkpt><trkpt lat="35.728866" lon="140.2097257"><ele>16.026683973734354</ele><time>2026-08-15T00:02:44Z</time></trkpt><trkpt lat="35.7288073" lon="140.2099549"><ele>16.16186712970305</ele><time>2026-08-15T00:02:58Z</time></trkpt><trkpt lat="35.728741" lon="140.2101973"><ele>16.563654458329008</ele><time>2026-08-15T00:03:16Z</time></trkpt><trkpt lat="35.7286307" lon="140.2104006"><ele>15.198875140230362</ele><time>2026-08-15T00:03:33Z</time></trkpt><trkpt lat="35.7285128" lon="140.2105936"><ele>11.667494411719481</ele><time>2026-08-15T00:03:52Z</time></trkpt><trkpt lat="35.7286846" lon="140.2108142"><ele>11.302185803554599</ele><time>2026-08-15T00:04:55Z</time></trkpt><trkpt lat="35.7288498" lon="140.210967"><ele>12.636138740372287</ele><time>2026-08-15T00:05:14Z</time></trkpt><trkpt lat="35.7288348" lon="140.2112079"><ele>16.303281967515847</ele><time>2026-08-15T00:06:07Z</time></trkpt><trkpt lat="35.7289458" lon="140.2113893"><ele>18.670487694025873</ele><time>2026-08-15T00:07:46Z</time></trkpt><trkpt lat="35.7291343" lon="140.2115129"><ele>20.104247689630437</ele><time>2026-08-15T00:08:53Z</time></trkpt><trkpt lat="35.7291672" lon="140.2117387"><ele>21.804533136003396</ele><time>2026-08-15T00:09:12Z</time></trkpt><trkpt lat="35.7290816" lon="140.2114814"><ele>22.571068283672517</ele><time>2026-08-15T00:09:27Z</time></trkpt><trkpt lat="35.7291649" lon="140.2112727"><ele>17.47051892247389</ele><time>2026-08-15T00:10:11Z</time></trkpt><trkpt lat="35.7292789" lon="140.2110709"><ele>18.435600323387373</ele><time>2026-08-15T00:10:34Z</time></trkpt><trkpt lat="35.7293269" lon="140.2108446"><ele>15.533764926072607</ele><time>2026-08-15T00:10:49Z</time></trkpt><trkpt lat="35.7291308" lon="140.2108228"><ele>18.766282785416124</ele><time>2026-08-15T00:11:09Z</time></trkpt><trkpt lat="35.7289441" lon="140.210805"><ele>15.066527410100633</ele><time>2026-08-15T00:11:24Z</time></trkpt><trkpt lat="35.7287632" lon="140.2107595"><ele>14.96766389091884</ele><time>2026-08-15T00:11:42Z</time></trkpt><trkpt lat="35.7286189" lon="140.2105943"><ele>14.968394727649446</ele><time>2026-08-15T00:12:05Z</time></trkpt><trkpt lat="35.7284229" lon="140.2106374"><ele>14.969268191701817</ele><time>2026-08-15T00:12:26Z</time></trkpt><trkpt lat="35.728313" lon="140.2108432"><ele>14.970477398010951</ele><time>2026-08-15T00:12:40Z</time></trkpt><trkpt lat="35.7281705" lon="140.2110235"><ele>14.97237019703757</ele><time>2026-08-15T00:13:23Z</time></trkpt><trkpt lat="35.7280632" lon="140.2112449"><ele>14.97441281694664</ele><time>2026-08-15T00:13:37Z</time></trkpt><trkpt lat="35.7279581" lon="140.2114366"><ele>14.976416569743</ele><time>2026-08-15T00:13:49Z</time></trkpt><trkpt lat="35.7278458" lon="140.2116179"><ele>14.97835267089826</ele><time>2026-08-15T00:14:02Z</time></trkpt><trkpt lat="35.7277311" lon="140.2118447"><ele>14.98031701132696</ele><time>2026-08-15T00:14:17Z</time></trkpt><trkpt lat="35.7276037" lon="140.2120612"><ele>14.982382778990967</ele><time>2026-08-15T00:14:33Z</time></trkpt><trkpt lat="35.7274753" lon="140.2122686"><ele>14.984538221401126</ele><time>2026-08-15T00:14:58Z</time></trkpt><trkpt lat="35.7273816" lon="140.2124744"><ele>14.986603472871016</ele><time>2026-08-15T00:15:12Z</time></trkpt><trkpt lat="35.7272935" lon="140.2127125"><ele>14.988620956777504</ele><time>2026-08-15T00:15:27Z</time></trkpt><trkpt lat="35.7272065" lon="140.2129504"><ele>14.990603503890036</ele><time>2026-08-15T00:15:41Z</time></trkpt><trkpt lat="35.7271304" lon="140.2131527"><ele>10.792539008561853</ele><time>2026-08-15T00:15:54Z</time></trkpt><trkpt lat="35.7270608" lon="140.213382"><ele>7.061080962571701</ele><time>2026-08-15T00:16:08Z</time></trkpt><trkpt lat="35.726993" lon="140.2136195"><ele>3.162911129410477</ele><time>2026-08-15T00:16:24Z</time></trkpt><trkpt lat="35.7269378" lon="140.2138581"><ele>3.7314315086299956</ele><time>2026-08-15T00:16:39Z</time></trkpt><trkpt lat="35.7269461" lon="140.2141047"><ele>4.133138916355439</ele><time>2026-08-15T00:17:01Z</time></trkpt><trkpt lat="35.7268898" lon="140.2143352"><ele>4.834805817294867</ele><time>2026-08-15T00:17:15Z</time></trkpt><trkpt lat="35.7268358" lon="140.2145763"><ele>4.536475067825987</ele><time>2026-08-15T00:19:09Z</time></trkpt><trkpt lat="35.7268032" lon="140.2148423"><ele>3.804944837277096</ele><time>2026-08-15T00:19:22Z</time></trkpt><trkpt lat="35.7267328" lon="140.2150548"><ele>2.5400783500322057</ele><time>2026-08-15T00:19:45Z</time></trkpt><trkpt lat="35.7266931" lon="140.2153231"><ele>0.5085663614797866</ele><time>2026-08-15T00:20:01Z</time></trkpt><trkpt lat="35.7267189" lon="140.21558"><ele>-0.9564328821708159</ele><time>2026-08-15T00:20:13Z</time></trkpt><trkpt lat="35.7267758" lon="140.2158143"><ele>-1.3216848220877206</ele><time>2026-08-15T00:20:28Z</time></trkpt><trkpt lat="35.7267204" lon="140.215596"><ele>0.07879596628291807</ele><time>2026-08-15T00:20:43Z</time></trkpt><trkpt lat="35.7267079" lon="140.2153532"><ele>1.2783691996390871</ele><time>2026-08-15T00:20:54Z</time></trkpt><trkpt lat="35.7267409" lon="140.2151136"><ele>2.310386240481544</ele><time>2026-08-15T00:21:07Z</time></trkpt><trkpt lat="35.7267919" lon="140.2148898"><ele>3.3421447411967455</ele><time>2026-08-15T00:21:19Z</time></trkpt><trkpt lat="35.7268338" lon="140.2146577"><ele>3.7404647793861137</ele><time>2026-08-15T00:21:31Z</time></trkpt><trkpt lat="35.7268724" lon="140.2144359"><ele>3.5388074235551485</ele><time>2026-08-15T00:21:43Z</time></trkpt><trkpt lat="35.7269264" lon="140.2141692"><ele>2.6370577045208754</ele><time>2026-08-15T00:21:59Z</time></trkpt><trkpt lat="35.7269362" lon="140.2139402"><ele>1.8687222303809154</ele><time>2026-08-15T00:22:10Z</time></trkpt><trkpt lat="35.726979" lon="140.2136974"><ele>0.8336685820131677</ele><time>2026-08-15T00:22:38Z</time></trkpt><trkpt lat="35.7270208" lon="140.2134665"><ele>0.8987148074780578</ele><time>2026-08-15T00:22:50Z</time></trkpt><trkpt lat="35.7271042" lon="140.2132596"><ele>2.5636342780071737</ele><time>2026-08-15T00:23:02Z</time></trkpt><trkpt lat="35.7271756" lon="140.2130529"><ele>4.361892825577381</ele><time>2026-08-15T00:23:14Z</time></trkpt><trkpt lat="35.7272489" lon="140.2127987"><ele>5.693365332566958</ele><time>2026-08-15T00:23:29Z</time></trkpt><trkpt lat="35.7273441" lon="140.2126038"><ele>5.1915012910455784</ele><time>2026-08-15T00:23:41Z</time></trkpt><trkpt lat="35.7274031" lon="140.2123933"><ele>4.756325339498936</ele><time>2026-08-15T00:23:53Z</time></trkpt><trkpt lat="35.7275075" lon="140.2122053"><ele>4.054542764394935</ele><time>2026-08-15T00:24:05Z</time></trkpt><trkpt lat="35.7276093" lon="140.2120042"><ele>4.252732788682029</ele><time>2026-08-15T00:24:24Z</time></trkpt><trkpt lat="35.727806" lon="140.2119161"><ele>3.4508476137789827</ele><time>2026-08-15T00:24:35Z</time></trkpt><trkpt lat="35.7279572" lon="140.2117765"><ele>3.0822839762231715</ele><time>2026-08-15T00:24:48Z</time></trkpt><trkpt lat="35.728143" lon="140.2117257"><ele>2.747158566064646</ele><time>2026-08-15T00:25:00Z</time></trkpt><trkpt lat="35.7283225" lon="140.2116056"><ele>3.57867623312746</ele><time>2026-08-15T00:25:15Z</time></trkpt><trkpt lat="35.7284608" lon="140.2114347"><ele>4.076828450275284</ele><time>2026-08-15T00:25:33Z</time></trkpt><trkpt lat="35.7283848" lon="140.2112006"><ele>4.841889356077466</ele><time>2026-08-15T00:26:07Z</time></trkpt><trkpt lat="35.7283308" lon="140.2109645"><ele>5.90726056426264</ele><time>2026-08-15T00:26:19Z</time></trkpt><trkpt lat="35.728327" lon="140.2107116"><ele>7.672797842782354</ele><time>2026-08-15T00:26:34Z</time></trkpt><trkpt lat="35.7284976" lon="140.2105739"><ele>9.271289194826146</ele><time>2026-08-15T00:26:48Z</time></trkpt><trkpt lat="35.7283566" lon="140.2107309"><ele>10.404097760548531</ele><time>2026-08-15T00:27:10Z</time></trkpt><trkpt lat="35.7283491" lon="140.211077"><ele>10.071440625845176</ele><time>2026-08-15T00:27:42Z</time></trkpt><trkpt lat="35.7284222" lon="140.2113375"><ele>8.206468448837505</ele><time>2026-08-15T00:27:55Z</time></trkpt><trkpt lat="35.728476" lon="140.2115971"><ele>6.30791596667062</ele><time>2026-08-15T00:28:24Z</time></trkpt><trkpt lat="35.7282557" lon="140.2116685"><ele>5.642643258565926</ele><time>2026-08-15T00:28:36Z</time></trkpt><trkpt lat="35.7280697" lon="140.2118135"><ele>5.177741266932294</ele><time>2026-08-15T00:28:51Z</time></trkpt><trkpt lat="35.7278879" lon="140.2119273"><ele>5.246428722340144</ele><time>2026-08-15T00:29:06Z</time></trkpt><trkpt lat="35.7277074" lon="140.2120419"><ele>4.115110226689073</ele><time>2026-08-15T00:29:21Z</time></trkpt><trkpt lat="35.7275289" lon="140.2121807"><ele>4.183762340064661</ele><time>2026-08-15T00:29:36Z</time></trkpt><trkpt lat="35.7274178" lon="140.2123918"><ele>3.2857780112248256</ele><time>2026-08-15T00:29:50Z</time></trkpt><trkpt lat="35.7273195" lon="140.2125991"><ele>2.75445473466443</ele><time>2026-08-15T00:30:05Z</time></trkpt><trkpt lat="35.7272562" lon="140.2128073"><ele>1.7230028279251737</ele><time>2026-08-15T00:30:17Z</time></trkpt><trkpt lat="35.727195" lon="140.2130326"><ele>1.7914637026007014</ele><time>2026-08-15T00:30:29Z</time></trkpt><trkpt lat="35.7271083" lon="140.2132804"><ele>2.4933119811090143</ele><time>2026-08-15T00:30:44Z</time></trkpt><trkpt lat="35.7270228" lon="140.2135174"><ele>2.995269447109488</ele><time>2026-08-15T00:30:59Z</time></trkpt><trkpt lat="35.7269599" lon="140.2137752"><ele>3.1972958964782046</ele><time>2026-08-15T00:31:13Z</time></trkpt><trkpt lat="35.7269312" lon="140.2140378"><ele>3.899217379854624</ele><time>2026-08-15T00:31:29Z</time></trkpt><trkpt lat="35.7268772" lon="140.2143006"><ele>4.334450687906262</ele><time>2026-08-15T00:31:55Z</time></trkpt><trkpt lat="35.726828" lon="140.2145415"><ele>4.669618649272228</ele><time>2026-08-15T00:32:07Z</time></trkpt><trkpt lat="35.7268063" lon="140.2148024"><ele>3.2714337441437373</ele><time>2026-08-15T00:32:22Z</time></trkpt><trkpt lat="35.7267673" lon="140.2150422"><ele>1.9731682527587562</ele><time>2026-08-15T00:32:37Z</time></trkpt><trkpt lat="35.7267225" lon="140.2152592"><ele>0.00817833909474075</ele><time>2026-08-15T00:32:49Z</time></trkpt><trkpt lat="35.7267045" lon="140.215487"><ele>-1.5902194357445676</ele><time>2026-08-15T00:33:01Z</time></trkpt><trkpt lat="35.7266147" lon="140.2156858"><ele>-1.5552472916194706</ele><time>2026-08-15T00:33:23Z</time></trkpt><trkpt lat="35.7264392" lon="140.2155724"><ele>-1.2539632590020204</ele><time>2026-08-15T00:33:40Z</time></trkpt><trkpt lat="35.7262639" lon="140.215515"><ele>0.41378463597053877</ele><time>2026-08-15T00:34:04Z</time></trkpt><trkpt lat="35.7264542" lon="140.2156317"><ele>0.34738361742069185</ele><time>2026-08-15T00:34:42Z</time></trkpt><trkpt lat="35.7263704" lon="140.2158491"><ele>1.6814284321407011</ele><time>2026-08-15T00:36:07Z</time></trkpt><trkpt lat="35.7264159" lon="140.2160863"><ele>2.2822140805402427</ele><time>2026-08-15T00:36:21Z</time></trkpt><trkpt lat="35.7263428" lon="140.2163512"><ele>3.58390908775119</ele><time>2026-08-15T00:36:50Z</time></trkpt><trkpt lat="35.7265482" lon="140.2164961"><ele>3.7847866588510306</ele><time>2026-08-15T00:37:02Z</time></trkpt><trkpt lat="35.7266767" lon="140.2166877"><ele>3.818713032438526</ele><time>2026-08-15T00:37:13Z</time></trkpt><trkpt lat="35.7268608" lon="140.2167918"><ele>3.8183851294757076</ele><time>2026-08-15T00:37:35Z</time></trkpt><trkpt lat="35.7270266" lon="140.2170181"><ele>3.818311418389032</ele><time>2026-08-15T00:38:00Z</time></trkpt><trkpt lat="35.7272029" lon="140.2171315"><ele>3.917969753427118</ele><time>2026-08-15T00:38:12Z</time></trkpt><trkpt lat="35.7273557" lon="140.2173163"><ele>3.9511946478172555</ele><time>2026-08-15T00:38:29Z</time></trkpt><trkpt lat="35.7274931" lon="140.217464"><ele>3.8843289258234983</ele><time>2026-08-15T00:38:44Z</time></trkpt><trkpt lat="35.7276139" lon="140.2176324"><ele>3.7510349851596083</ele><time>2026-08-15T00:38:59Z</time></trkpt><trkpt lat="35.7277527" lon="140.2178291"><ele>3.217798059945634</ele><time>2026-08-15T00:39:19Z</time></trkpt><trkpt lat="35.7277314" lon="140.2180797"><ele>3.1184691621793994</ele><time>2026-08-15T00:40:50Z</time></trkpt><trkpt lat="35.7276202" lon="140.2183023"><ele>3.2197889084116063</ele><time>2026-08-15T00:41:03Z</time></trkpt><trkpt lat="35.7275377" lon="140.2185115"><ele>3.688316095944245</ele><time>2026-08-15T00:41:18Z</time></trkpt><trkpt lat="35.7274345" lon="140.2187471"><ele>3.8570055571305537</ele><time>2026-08-15T00:41:36Z</time></trkpt><trkpt lat="35.7272988" lon="140.2189102"><ele>3.925634237381923</ele><time>2026-08-15T00:41:56Z</time></trkpt><trkpt lat="35.7272135" lon="140.2191261"><ele>3.9942830953219706</ele><time>2026-08-15T00:42:12Z</time></trkpt><trkpt lat="35.7271272" lon="140.2193446"><ele>4.096191537298547</ele><time>2026-08-15T00:42:27Z</time></trkpt><trkpt lat="35.7269781" lon="140.219522"><ele>4.131494471156953</ele><time>2026-08-15T00:42:46Z</time></trkpt><trkpt lat="35.7269413" lon="140.2197449"><ele>4.2666980376850345</ele><time>2026-08-15T00:42:58Z</time></trkpt><trkpt lat="35.7268469" lon="140.2199432"><ele>4.268546686720579</ele><time>2026-08-15T00:43:13Z</time></trkpt><trkpt lat="35.7267249" lon="140.2201447"><ele>4.337046019168331</ele><time>2026-08-15T00:43:25Z</time></trkpt><trkpt lat="35.7266691" lon="140.2203678"><ele>4.372257555052552</ele><time>2026-08-15T00:43:40Z</time></trkpt><trkpt lat="35.7265484" lon="140.2205929"><ele>4.474251272392107</ele><time>2026-08-15T00:43:55Z</time></trkpt><trkpt lat="35.7264241" lon="140.2208187"><ele>4.5429663659429265</ele><time>2026-08-15T00:44:11Z</time></trkpt><trkpt lat="35.7263744" lon="140.2210474"><ele>4.5450116868458394</ele><time>2026-08-15T00:44:23Z</time></trkpt><trkpt lat="35.726233" lon="140.2211927"><ele>4.546946566185881</ele><time>2026-08-15T00:44:35Z</time></trkpt><trkpt lat="35.7260355" lon="140.221131"><ele>4.548479284010327</ele><time>2026-08-15T00:45:14Z</time></trkpt><trkpt lat="35.7258553" lon="140.2210275"><ele>4.549654512085574</ele><time>2026-08-15T00:45:23Z</time></trkpt><trkpt lat="35.7260232" lon="140.2211601"><ele>4.883413881889048</ele><time>2026-08-15T00:46:45Z</time></trkpt><trkpt lat="35.7260501" lon="140.2213967"><ele>5.183910592190678</ele><time>2026-08-15T00:47:09Z</time></trkpt><trkpt lat="35.7259546" lon="140.2216002"><ele>5.4181550958847895</ele><time>2026-08-15T00:47:24Z</time></trkpt><trkpt lat="35.7258808" lon="140.2218197"><ele>5.3198056040654365</ele><time>2026-08-15T00:47:42Z</time></trkpt><trkpt lat="35.7257948" lon="140.222034"><ele>5.155009219188948</ele><time>2026-08-15T00:47:57Z</time></trkpt><trkpt lat="35.7255809" lon="140.2221353"><ele>5.056953359807757</ele><time>2026-08-15T00:49:19Z</time></trkpt><trkpt lat="35.7253997" lon="140.2221334"><ele>4.958707207826502</ele><time>2026-08-15T00:49:36Z</time></trkpt><trkpt lat="35.7252938" lon="140.2223393"><ele>4.9604909691682595</ele><time>2026-08-15T00:50:05Z</time></trkpt><trkpt lat="35.7252017" lon="140.222559"><ele>4.962226112024048</ele><time>2026-08-15T00:50:35Z</time></trkpt><trkpt lat="35.7251178" lon="140.2227735"><ele>4.964165803161403</ele><time>2026-08-15T00:50:49Z</time></trkpt><trkpt lat="35.7250117" lon="140.2229828"><ele>4.966113060691643</ele><time>2026-08-15T00:51:05Z</time></trkpt><trkpt lat="35.7249184" lon="140.2232083"><ele>4.501408350765874</ele><time>2026-08-15T00:51:23Z</time></trkpt><trkpt lat="35.7247155" lon="140.2231785"><ele>4.036494675902922</ele><time>2026-08-15T00:51:43Z</time></trkpt><trkpt lat="35.7245467" lon="140.2230917"><ele>3.2711362813155227</ele><time>2026-08-15T00:51:58Z</time></trkpt><trkpt lat="35.7243661" lon="140.223193"><ele>4.20573454183787</ele><time>2026-08-15T00:52:25Z</time></trkpt><trkpt lat="35.7241831" lon="140.2231512"><ele>5.373595403941422</ele><time>2026-08-15T00:52:52Z</time></trkpt><trkpt lat="35.7240003" lon="140.2230921"><ele>5.308211075232855</ele><time>2026-08-15T00:53:13Z</time></trkpt><trkpt lat="35.7238293" lon="140.2232106"><ele>6.609505453222272</ele><time>2026-08-15T00:53:56Z</time></trkpt><trkpt lat="35.724005" lon="140.2230775"><ele>8.543108290636141</ele><time>2026-08-15T00:56:39Z</time></trkpt><trkpt lat="35.7241848" lon="140.2231163"><ele>12.009389879261583</ele><time>2026-08-15T00:56:58Z</time></trkpt><trkpt lat="35.7243985" lon="140.2231644"><ele>12.874628202358053</ele><time>2026-08-15T00:57:37Z</time></trkpt><trkpt lat="35.7246134" lon="140.2231138"><ele>12.873273854796246</ele><time>2026-08-15T00:57:54Z</time></trkpt><trkpt lat="35.7248103" lon="140.2232422"><ele>12.872058447059779</ele><time>2026-08-15T00:58:09Z</time></trkpt><trkpt lat="35.7247848" lon="140.2234739"><ele>12.871771091065112</ele><time>2026-08-15T00:58:26Z</time></trkpt><trkpt lat="35.7246738" lon="140.2236759"><ele>12.872753315078848</ele><time>2026-08-15T00:58:41Z</time></trkpt><trkpt lat="35.7245802" lon="140.223914"><ele>12.874636460470027</ele><time>2026-08-15T00:58:55Z</time></trkpt><trkpt lat="35.7244898" lon="140.2241075"><ele>12.876595761021784</ele><time>2026-08-15T00:59:09Z</time></trkpt><trkpt lat="35.7244025" lon="140.2243201"><ele>12.878520918723284</ele><time>2026-08-15T00:59:23Z</time></trkpt><trkpt lat="35.7243117" lon="140.224535"><ele>12.580394154686642</ele><time>2026-08-15T01:00:35Z</time></trkpt><trkpt lat="35.724215" lon="140.2247317"><ele>12.382288852730634</ele><time>2026-08-15T01:00:58Z</time></trkpt><trkpt lat="35.7240765" lon="140.2248951"><ele>13.48420594579279</ele><time>2026-08-15T01:02:23Z</time></trkpt><trkpt lat="35.7239355" lon="140.2250495"><ele>15.052779020870078</ele><time>2026-08-15T01:02:46Z</time></trkpt><trkpt lat="35.7237517" lon="140.2251833"><ele>19.58807759762445</ele><time>2026-08-15T01:03:34Z</time></trkpt><trkpt lat="35.7235212" lon="140.2251514"><ele>23.28987451762244</ele><time>2026-08-15T01:03:49Z</time></trkpt><trkpt lat="35.7233446" lon="140.2253275"><ele>26.89177956156531</ele><time>2026-08-15T01:04:23Z</time></trkpt><trkpt lat="35.7231522" lon="140.2254378"><ele>27.426995732653797</ele><time>2026-08-15T01:04:41Z</time></trkpt><trkpt lat="35.7229671" lon="140.2253631"><ele>27.49535723736501</ele><time>2026-08-15T01:05:15Z</time></trkpt><trkpt lat="35.7228974" lon="140.2251168"><ele>27.496016692961604</ele><time>2026-08-15T01:05:36Z</time></trkpt><trkpt lat="35.7228107" lon="140.2249056"><ele>27.495816294388135</ele><time>2026-08-15T01:06:00Z</time></trkpt><trkpt lat="35.7229095" lon="140.2251058"><ele>27.495473325894626</ele><time>2026-08-15T01:07:28Z</time></trkpt><trkpt lat="35.722966" lon="140.2253396"><ele>27.495726303260735</ele><time>2026-08-15T01:07:43Z</time></trkpt><trkpt lat="35.722913" lon="140.2255716"><ele>26.896737771924922</ele><time>2026-08-15T01:08:20Z</time></trkpt><trkpt lat="35.7226936" lon="140.2256846"><ele>27.36498816885216</ele><time>2026-08-15T01:08:32Z</time></trkpt><trkpt lat="35.7225178" lon="140.2257768"><ele>27.233521534117017</ele><time>2026-08-15T01:08:46Z</time></trkpt><trkpt lat="35.7223486" lon="140.2259201"><ele>27.86883008490507</ele><time>2026-08-15T01:09:00Z</time></trkpt><trkpt lat="35.722176" lon="140.2260489"><ele>26.504058221134915</ele><time>2026-08-15T01:09:23Z</time></trkpt><trkpt lat="35.7219916" lon="140.2261947"><ele>25.272739866972614</ele><time>2026-08-15T01:09:37Z</time></trkpt><trkpt lat="35.7218383" lon="140.2263206"><ele>23.274685326822333</ele><time>2026-08-15T01:09:51Z</time></trkpt><trkpt lat="35.7216702" lon="140.226465"><ele>21.276649486578975</ele><time>2026-08-15T01:10:08Z</time></trkpt><trkpt lat="35.7215033" lon="140.2265887"><ele>18.778531601284442</ele><time>2026-08-15T01:10:24Z</time></trkpt><trkpt lat="35.7213309" lon="140.2267393"><ele>16.5138382123217</ele><time>2026-08-15T01:10:40Z</time></trkpt><trkpt lat="35.7211346" lon="140.2268485"><ele>14.949145897332578</ele><time>2026-08-15T01:10:54Z</time></trkpt><trkpt lat="35.7209823" lon="140.2269701"><ele>13.884415547316008</ele><time>2026-08-15T01:11:07Z</time></trkpt><trkpt lat="35.7207989" lon="140.2271234"><ele>13.48638305251758</ele><time>2026-08-15T01:11:22Z</time></trkpt><trkpt lat="35.7206073" lon="140.2271999"><ele>14.221612138672496</ele><time>2026-08-15T01:11:36Z</time></trkpt><trkpt lat="35.7203969" lon="140.2272736"><ele>18.290222281626644</ele><time>2026-08-15T01:11:51Z</time></trkpt><trkpt lat="35.7201911" lon="140.2273335"><ele>23.392044650912364</ele><time>2026-08-15T01:12:08Z</time></trkpt><trkpt lat="35.7200094" lon="140.2274118"><ele>26.46051389371654</ele><time>2026-08-15T01:12:23Z</time></trkpt><trkpt lat="35.7197987" lon="140.2274234"><ele>26.5288681954855</ele><time>2026-08-15T01:12:40Z</time></trkpt><trkpt lat="35.7196074" lon="140.2274472"><ele>25.89712114292492</ele><time>2026-08-15T01:13:00Z</time></trkpt><trkpt lat="35.7193425" lon="140.2275317"><ele>28.432248353370042</ele><time>2026-08-15T01:13:29Z</time></trkpt><trkpt lat="35.7191604" lon="140.2274904"><ele>31.500542898491375</ele><time>2026-08-15T01:13:45Z</time></trkpt><trkpt lat="35.7192027" lon="140.227246"><ele>31.967786993187143</ele><time>2026-08-15T01:14:00Z</time></trkpt><trkpt lat="35.7192046" lon="140.2274676"><ele>30.33465875683797</ele><time>2026-08-15T01:14:15Z</time></trkpt><trkpt lat="35.7190341" lon="140.2276423"><ele>28.435239633165562</ele><time>2026-08-15T01:14:32Z</time></trkpt><trkpt lat="35.7188786" lon="140.227485"><ele>28.069782057501033</ele><time>2026-08-15T01:14:49Z</time></trkpt><trkpt lat="35.71886" lon="140.2272583"><ele>26.93686941292964</ele><time>2026-08-15T01:15:04Z</time></trkpt><trkpt lat="35.7189344" lon="140.2270425"><ele>25.3359846695307</ele><time>2026-08-15T01:15:18Z</time></trkpt><trkpt lat="35.7189184" lon="140.2267919"><ele>23.801263936793685</ele><time>2026-08-15T01:15:32Z</time></trkpt><trkpt lat="35.7190762" lon="140.2269173"><ele>22.633451916261475</ele><time>2026-08-15T01:16:35Z</time></trkpt><trkpt lat="35.7192505" lon="140.226851"><ele>21.632350571067303</ele><time>2026-08-15T01:17:02Z</time></trkpt><trkpt lat="35.7190564" lon="140.2267618"><ele>23.0653029746877</ele><time>2026-08-15T01:18:22Z</time></trkpt><trkpt lat="35.7191823" lon="140.2269385"><ele>33.33211978017296</ele><time>2026-08-15T01:25:14Z</time></trkpt><trkpt lat="35.7193614" lon="140.2269635"><ele>33.33155745850486</ele><time>2026-08-15T01:26:08Z</time></trkpt><trkpt lat="35.7191882" lon="140.2270378"><ele>33.33191630950217</ele><time>2026-08-15T01:27:26Z</time></trkpt><trkpt lat="35.7190034" lon="140.2270955"><ele>33.33263038224099</ele><time>2026-08-15T01:27:37Z</time></trkpt><trkpt lat="35.7189418" lon="140.2273155"><ele>33.33427495929694</ele><time>2026-08-15T01:27:55Z</time></trkpt><trkpt lat="35.7189539" lon="140.2275664"><ele>33.33581305259892</ele><time>2026-08-15T01:28:10Z</time></trkpt><trkpt lat="35.7191376" lon="140.2276268"><ele>33.33648863479664</ele><time>2026-08-15T01:28:26Z</time></trkpt><trkpt lat="35.7191698" lon="140.2278571"><ele>31.736961504729617</ele><time>2026-08-15T01:29:44Z</time></trkpt><trkpt lat="35.7192018" lon="140.2280846"><ele>30.104010380763686</ele><time>2026-08-15T01:29:56Z</time></trkpt><trkpt lat="35.7192125" lon="140.2283062"><ele>28.138434068226626</ele><time>2026-08-15T01:30:08Z</time></trkpt><trkpt lat="35.7193013" lon="140.228535"><ele>28.23938919058305</ele><time>2026-08-15T01:30:25Z</time></trkpt><trkpt lat="35.7192894" lon="140.2288111"><ele>26.907205033429886</ele><time>2026-08-15T01:31:06Z</time></trkpt><trkpt lat="35.7193142" lon="140.229085"><ele>27.97508516771988</ele><time>2026-08-15T01:31:53Z</time></trkpt><trkpt lat="35.7193" lon="140.2293339"><ele>28.97657883583882</ele><time>2026-08-15T01:32:12Z</time></trkpt><trkpt lat="35.7194117" lon="140.2294709"><ele>30.244667408354346</ele><time>2026-08-15T02:41:21Z</time></trkpt><trkpt lat="35.7194045" lon="140.2297285"><ele>29.27233370417717</ele><time>2026-08-15T02:41:59Z</time></trkpt><trkpt lat="35.7194596" lon="140.2299797"><ele>29.19488913611811</ele><time>2026-08-15T02:42:14Z</time></trkpt><trkpt lat="35.7194693" lon="140.2302474"><ele>29.17</ele><time>2026-08-15T02:43:23Z</time></trkpt><trkpt lat="35.7194795" lon="140.2304776"><ele>29.896666666666665</ele><time>2026-08-15T02:43:38Z</time></trkpt><trkpt lat="35.71956" lon="140.2304315"><ele>30.330000000000002</ele><time>2026-08-15T02:47:04Z</time></trkpt><trkpt lat="35.719542" lon="140.2307492"><ele>30.565</ele><time>2026-08-15T02:47:58Z</time></trkpt><trkpt lat="35.7195352" lon="140.2310197"><ele>30.723333333333333</ele><time>2026-08-15T02:48:33Z</time></trkpt><trkpt lat="35.7195309" lon="140.2312421"><ele>31.040000000000003</ele><time>2026-08-15T02:48:51Z</time></trkpt><trkpt lat="35.7195869" lon="140.231467"><ele>31.2</ele><time>2026-08-15T02:49:28Z</time></trkpt><trkpt lat="35.7195624" lon="140.231712"><ele>31.333333333333332</ele><time>2026-08-15T02:49:46Z</time></trkpt><trkpt lat="35.7195536" lon="140.2317277"><ele>31.51</ele><time>2026-08-15T03:54:45Z</time></trkpt><trkpt lat="35.7196295" lon="140.2319748"><ele>31.475</ele><time>2026-08-15T03:55:03Z</time></trkpt><trkpt lat="35.7196321" lon="140.2322016"><ele>31.55333333333333</ele><time>2026-08-15T03:55:15Z</time></trkpt><trkpt lat="35.7196656" lon="140.2324586"><ele>31.763333333333335</ele><time>2026-08-15T03:55:37Z</time></trkpt><trkpt lat="35.719701" lon="140.2327297"><ele>32.07666666666667</ele><time>2026-08-15T03:55:53Z</time></trkpt><trkpt lat="35.7197353" lon="140.2329637"><ele>32.413333333333334</ele><time>2026-08-15T03:56:08Z</time></trkpt><trkpt lat="35.7199344" lon="140.2330607"><ele>32.47666666666667</ele><time>2026-08-15T03:56:29Z</time></trkpt><trkpt lat="35.7201156" lon="140.233047"><ele>32.38999999999999</ele><time>2026-08-15T03:56:41Z</time></trkpt><trkpt lat="35.7203259" lon="140.2330312"><ele>32.13999999999999</ele><time>2026-08-15T03:56:56Z</time></trkpt><trkpt lat="35.7205071" lon="140.2330333"><ele>31.96666666666667</ele><time>2026-08-15T03:57:38Z</time></trkpt><trkpt lat="35.720533" lon="140.2332939"><ele>31.94333333333333</ele><time>2026-08-15T03:58:03Z</time></trkpt><trkpt lat="35.7205976" lon="140.2335287"><ele>31.816666666666666</ele><time>2026-08-15T03:58:18Z</time></trkpt><trkpt lat="35.7205118" lon="140.2337303"><ele>31.55666666666667</ele><time>2026-08-15T03:59:28Z</time></trkpt><trkpt lat="35.7205407" lon="140.2339609"><ele>31.076666666666668</ele><time>2026-08-15T04:00:27Z</time></trkpt><trkpt lat="35.7205448" lon="140.2337346"><ele>30.916666666666668</ele><time>2026-08-15T04:01:02Z</time></trkpt><trkpt lat="35.7207119" lon="140.2338512"><ele>30.963333333333335</ele><time>2026-08-15T04:01:34Z</time></trkpt><trkpt lat="35.7205866" lon="140.2336603"><ele>31.19666666666667</ele><time>2026-08-15T04:03:34Z</time></trkpt><trkpt lat="35.7205192" lon="140.2334346"><ele>31.453333333333333</ele><time>2026-08-15T04:03:51Z</time></trkpt><trkpt lat="35.7204964" lon="140.233163"><ele>31.723333333333333</ele><time>2026-08-15T04:04:03Z</time></trkpt><trkpt lat="35.7206625" lon="140.2330464"><ele>31.77333333333333</ele><time>2026-08-15T04:04:19Z</time></trkpt><trkpt lat="35.7208509" lon="140.2330265"><ele>31.576666666666664</ele><time>2026-08-15T04:04:30Z</time></trkpt><trkpt lat="35.7209053" lon="140.2332438"><ele>31.44666666666667</ele><time>2026-08-15T04:05:06Z</time></trkpt><trkpt lat="35.7207648" lon="140.2330937"><ele>31.39333333333333</ele><time>2026-08-15T04:05:49Z</time></trkpt><trkpt lat="35.7205741" lon="140.2330717"><ele>31.51</ele><time>2026-08-15T04:06:01Z</time></trkpt><trkpt lat="35.7203563" lon="140.2330597"><ele>31.636666666666667</ele><time>2026-08-15T04:06:16Z</time></trkpt><trkpt lat="35.7203971" lon="140.2332782"><ele>31.939999999999998</ele><time>2026-08-15T04:07:06Z</time></trkpt><trkpt lat="35.7202946" lon="140.2330859"><ele>32.09</ele><time>2026-08-15T04:08:07Z</time></trkpt><trkpt lat="35.7200778" lon="140.2330279"><ele>32.160000000000004</ele><time>2026-08-15T04:08:23Z</time></trkpt><trkpt lat="35.7198706" lon="140.2330415"><ele>32.26333333333334</ele><time>2026-08-15T04:08:37Z</time></trkpt><trkpt lat="35.7197371" lon="140.2332073"><ele>32.51666666666667</ele><time>2026-08-15T04:08:55Z</time></trkpt><trkpt lat="35.7197322" lon="140.2334617"><ele>32.7</ele><time>2026-08-15T04:09:11Z</time></trkpt><trkpt lat="35.7197521" lon="140.2336917"><ele>32.56666666666667</ele><time>2026-08-15T04:09:30Z</time></trkpt><trkpt lat="35.7199529" lon="140.2337683"><ele>32.00666666666667</ele><time>2026-08-15T04:09:55Z</time></trkpt><trkpt lat="35.7197544" lon="140.2336936"><ele>31.80333333333333</ele><time>2026-08-15T04:10:17Z</time></trkpt><trkpt lat="35.7197208" lon="140.2334683"><ele>32.00666666666667</ele><time>2026-08-15T04:10:31Z</time></trkpt><trkpt lat="35.7195388" lon="140.2334823"><ele>32.15333333333333</ele><time>2026-08-15T04:10:46Z</time></trkpt><trkpt lat="35.7193485" lon="140.2334476"><ele>31.75666666666667</ele><time>2026-08-15T04:11:00Z</time></trkpt><trkpt lat="35.719162" lon="140.2335121"><ele>31.123333333333335</ele><time>2026-08-15T04:11:17Z</time></trkpt><trkpt lat="35.7189763" lon="140.2335969"><ele>30.813333333333333</ele><time>2026-08-15T04:11:32Z</time></trkpt><trkpt lat="35.7187866" lon="140.2336135"><ele>30.710000000000004</ele><time>2026-08-15T04:11:47Z</time></trkpt><trkpt lat="35.7185442" lon="140.2335813"><ele>30.653333333333332</ele><time>2026-08-15T04:12:40Z</time></trkpt><trkpt lat="35.718323" lon="140.2336248"><ele>30.643333333333334</ele><time>2026-08-15T04:12:54Z</time></trkpt><trkpt lat="35.7182521" lon="140.2338607"><ele>30.7</ele><time>2026-08-15T04:13:34Z</time></trkpt><trkpt lat="35.7182446" lon="140.2340846"><ele>30.63</ele><time>2026-08-15T04:13:46Z</time></trkpt><trkpt lat="35.7182489" lon="140.2343422"><ele>30.536666666666665</ele><time>2026-08-15T04:14:01Z</time></trkpt><trkpt lat="35.7182167" lon="140.2345655"><ele>30.433333333333334</ele><time>2026-08-15T04:14:15Z</time></trkpt><trkpt lat="35.7182152" lon="140.2348059"><ele>30.47</ele><time>2026-08-15T04:14:34Z</time></trkpt><trkpt lat="35.7182511" lon="140.2350753"><ele>30.590000000000003</ele><time>2026-08-15T04:14:50Z</time></trkpt><trkpt lat="35.7181823" lon="140.2352842"><ele>30.573333333333334</ele><time>2026-08-15T04:15:10Z</time></trkpt><trkpt lat="35.7181777" lon="140.2355209"><ele>30.506666666666664</ele><time>2026-08-15T04:15:24Z</time></trkpt><trkpt lat="35.7181389" lon="140.2357876"><ele>30.383333333333336</ele><time>2026-08-15T04:16:30Z</time></trkpt><trkpt lat="35.7181523" lon="140.2360367"><ele>30.36</ele><time>2026-08-15T04:16:38Z</time></trkpt><trkpt lat="35.7180919" lon="140.2362502"><ele>30.36</ele><time>2026-08-15T04:16:54Z</time></trkpt><trkpt lat="35.7180796" lon="140.2365"><ele>30.373333333333335</ele><time>2026-08-15T04:17:09Z</time></trkpt><trkpt lat="35.7180344" lon="140.2367314"><ele>30.453333333333337</ele><time>2026-08-15T04:17:21Z</time></trkpt><trkpt lat="35.7179799" lon="140.2369959"><ele>30.573333333333334</ele><time>2026-08-15T04:17:36Z</time></trkpt><trkpt lat="35.7179556" lon="140.2372257"><ele>30.676666666666666</ele><time>2026-08-15T04:17:49Z</time></trkpt><trkpt lat="35.7179172" lon="140.2374591"><ele>30.683333333333334</ele><time>2026-08-15T04:18:04Z</time></trkpt><trkpt lat="35.7179373" lon="140.2376882"><ele>30.61</ele><time>2026-08-15T04:18:18Z</time></trkpt><trkpt lat="35.7179359" lon="140.2379154"><ele>30.473333333333333</ele><time>2026-08-15T04:18:32Z</time></trkpt><trkpt lat="35.7179065" lon="140.2381606"><ele>30.346666666666664</ele><time>2026-08-15T04:19:01Z</time></trkpt><trkpt lat="35.7179305" lon="140.238427"><ele>30.19</ele><time>2026-08-15T04:19:38Z</time></trkpt><trkpt lat="35.7178883" lon="140.2386514"><ele>29.94</ele><time>2026-08-15T04:19:53Z</time></trkpt><trkpt lat="35.7179377" lon="140.2388802"><ele>29.313333333333333</ele><time>2026-08-15T04:20:05Z</time></trkpt><trkpt lat="35.7179702" lon="140.239142"><ele>28.19666666666667</ele><time>2026-08-15T04:20:48Z</time></trkpt><trkpt lat="35.7180483" lon="140.2394021"><ele>26.613333333333333</ele><time>2026-08-15T04:21:03Z</time></trkpt><trkpt lat="35.7180941" lon="140.2396371"><ele>25.543333333333337</ele><time>2026-08-15T04:21:15Z</time></trkpt><trkpt lat="35.718133" lon="140.2398591"><ele>25.173333333333336</ele><time>2026-08-15T04:21:28Z</time></trkpt><trkpt lat="35.7181845" lon="140.2400767"><ele>24.833333333333332</ele><time>2026-08-15T04:21:40Z</time></trkpt><trkpt lat="35.7182446" lon="140.2403062"><ele>23.840000000000003</ele><time>2026-08-15T04:21:52Z</time></trkpt><trkpt lat="35.7183094" lon="140.2405662"><ele>23.30333333333333</ele><time>2026-08-15T04:22:07Z</time></trkpt><trkpt lat="35.7183631" lon="140.240831"><ele>24.26</ele><time>2026-08-15T04:22:22Z</time></trkpt><trkpt lat="35.7183984" lon="140.2410524"><ele>26.08666666666667</ele><time>2026-08-15T04:22:34Z</time></trkpt><trkpt lat="35.7184542" lon="140.2413199"><ele>27.736666666666668</ele><time>2026-08-15T04:22:49Z</time></trkpt><trkpt lat="35.7184982" lon="140.2415409"><ele>28.87</ele><time>2026-08-15T04:23:01Z</time></trkpt><trkpt lat="35.7185506" lon="140.2417528"><ele>29.733333333333334</ele><time>2026-08-15T04:23:13Z</time></trkpt><trkpt lat="35.7185906" lon="140.2419898"><ele>30.283333333333335</ele><time>2026-08-15T04:23:27Z</time></trkpt><trkpt lat="35.7186602" lon="140.2422308"><ele>30.573333333333334</ele><time>2026-08-15T04:23:42Z</time></trkpt><trkpt lat="35.7186885" lon="140.2424705"><ele>30.89</ele><time>2026-08-15T04:23:56Z</time></trkpt><trkpt lat="35.7186402" lon="140.2426874"><ele>31.153333333333336</ele><time>2026-08-15T04:24:28Z</time></trkpt><trkpt lat="35.718611" lon="140.2429086"><ele>31.373333333333335</ele><time>2026-08-15T04:25:12Z</time></trkpt><trkpt lat="35.7186209" lon="140.2428956"><ele>31.580000000000002</ele><time>2026-08-15T04:41:15Z</time></trkpt><trkpt lat="35.7187129" lon="140.2431208"><ele>31.700000000000003</ele><time>2026-08-15T04:42:21Z</time></trkpt><trkpt lat="35.7187758" lon="140.2433849"><ele>31.733333333333334</ele><time>2026-08-15T04:42:41Z</time></trkpt><trkpt lat="35.7188367" lon="140.2436326"><ele>31.77666666666667</ele><time>2026-08-15T04:42:56Z</time></trkpt><trkpt lat="35.7188824" lon="140.243855"><ele>31.67</ele><time>2026-08-15T04:43:08Z</time></trkpt><trkpt lat="35.718949" lon="140.2440622"><ele>31.5</ele><time>2026-08-15T04:43:20Z</time></trkpt><trkpt lat="35.7189993" lon="140.2443217"><ele>31.30666666666667</ele><time>2026-08-15T04:43:35Z</time></trkpt><trkpt lat="35.7190481" lon="140.2445896"><ele>31.156666666666666</ele><time>2026-08-15T04:43:50Z</time></trkpt><trkpt lat="35.7190827" lon="140.2448547"><ele>31.11</ele><time>2026-08-15T04:44:05Z</time></trkpt><trkpt lat="35.7191938" lon="140.2450663"><ele>31.133333333333336</ele><time>2026-08-15T04:44:19Z</time></trkpt><trkpt lat="35.7192185" lon="140.2452928"><ele>31.163333333333338</ele><time>2026-08-15T04:44:31Z</time></trkpt><trkpt lat="35.7192616" lon="140.245508"><ele>31.16</ele><time>2026-08-15T04:44:43Z</time></trkpt><trkpt lat="35.7192896" lon="140.245752"><ele>31.12</ele><time>2026-08-15T04:44:58Z</time></trkpt><trkpt lat="35.7192998" lon="140.2460253"><ele>31.099999999999998</ele><time>2026-08-15T04:45:13Z</time></trkpt><trkpt lat="35.7193299" lon="140.2462627"><ele>31.080000000000002</ele><time>2026-08-15T04:45:26Z</time></trkpt><trkpt lat="35.7193703" lon="140.2464837"><ele>31.05333333333333</ele><time>2026-08-15T04:45:38Z</time></trkpt><trkpt lat="35.7194154" lon="140.2467041"><ele>30.97666666666667</ele><time>2026-08-15T04:45:49Z</time></trkpt><trkpt lat="35.7194653" lon="140.2469644"><ele>30.883333333333336</ele><time>2026-08-15T04:46:05Z</time></trkpt><trkpt lat="35.7194993" lon="140.2472234"><ele>30.783333333333335</ele><time>2026-08-15T04:46:20Z</time></trkpt><trkpt lat="35.7195405" lon="140.2474955"><ele>30.673333333333332</ele><time>2026-08-15T04:46:35Z</time></trkpt><trkpt lat="35.7195634" lon="140.2477217"><ele>30.540000000000003</ele><time>2026-08-15T04:46:47Z</time></trkpt><trkpt lat="35.7196957" lon="140.2479154"><ele>30.44</ele><time>2026-08-15T04:47:10Z</time></trkpt><trkpt lat="35.7197277" lon="140.2481361"><ele>30.400000000000002</ele><time>2026-08-15T04:48:13Z</time></trkpt><trkpt lat="35.7195412" lon="140.2481007"><ele>30.370000000000005</ele><time>2026-08-15T04:49:10Z</time></trkpt><trkpt lat="35.7193792" lon="140.2482552"><ele>30.310000000000002</ele><time>2026-08-15T04:49:24Z</time></trkpt><trkpt lat="35.7195409" lon="140.2480591"><ele>30.28</ele><time>2026-08-15T04:50:27Z</time></trkpt><trkpt lat="35.719735" lon="140.2480762"><ele>30.310000000000002</ele><time>2026-08-15T04:50:51Z</time></trkpt><trkpt lat="35.719793" lon="140.2483478"><ele>30.346666666666668</ele><time>2026-08-15T04:51:04Z</time></trkpt><trkpt lat="35.7198089" lon="140.2486167"><ele>30.343333333333334</ele><time>2026-08-15T04:51:19Z</time></trkpt><trkpt lat="35.7199131" lon="140.2488406"><ele>30.310000000000002</ele><time>2026-08-15T04:51:31Z</time></trkpt><trkpt lat="35.7199679" lon="140.2490665"><ele>30.286666666666665</ele><time>2026-08-15T04:51:43Z</time></trkpt><trkpt lat="35.7199448" lon="140.2493212"><ele>30.253333333333334</ele><time>2026-08-15T04:51:57Z</time></trkpt><trkpt lat="35.7199978" lon="140.2495772"><ele>30.186666666666667</ele><time>2026-08-15T04:52:13Z</time></trkpt><trkpt lat="35.7199963" lon="140.249818"><ele>30.133333333333336</ele><time>2026-08-15T04:52:28Z</time></trkpt><trkpt lat="35.7199487" lon="140.250085"><ele>30.070000000000004</ele><time>2026-08-15T04:53:21Z</time></trkpt><trkpt lat="35.7198396" lon="140.250279"><ele>29.91</ele><time>2026-08-15T04:53:33Z</time></trkpt><trkpt lat="35.7197279" lon="140.2504665"><ele>29.426666666666666</ele><time>2026-08-15T04:53:46Z</time></trkpt><trkpt lat="35.7198622" lon="140.2507069"><ele>28.213333333333335</ele><time>2026-08-15T04:54:05Z</time></trkpt><trkpt lat="35.7199071" lon="140.2509251"><ele>26.55333333333333</ele><time>2026-08-15T04:54:17Z</time></trkpt><trkpt lat="35.7199917" lon="140.2511456"><ele>24.58666666666667</ele><time>2026-08-15T04:54:32Z</time></trkpt><trkpt lat="35.7200514" lon="140.2513571"><ele>22.983333333333334</ele><time>2026-08-15T04:54:44Z</time></trkpt><trkpt lat="35.7201462" lon="140.2515779"><ele>21.69</ele><time>2026-08-15T04:54:59Z</time></trkpt><trkpt lat="35.7202798" lon="140.25179"><ele>21.22</ele><time>2026-08-15T04:55:14Z</time></trkpt><trkpt lat="35.720418" lon="140.251985"><ele>22.14</ele><time>2026-08-15T04:55:29Z</time></trkpt><trkpt lat="35.7205712" lon="140.2521113"><ele>24.08</ele><time>2026-08-15T04:55:52Z</time></trkpt><trkpt lat="35.7205981" lon="140.2524043"><ele>26.55666666666667</ele><time>2026-08-15T04:55:59Z</time></trkpt><trkpt lat="35.7206088" lon="140.2526979"><ele>29.0</ele><time>2026-08-15T04:56:09Z</time></trkpt><trkpt lat="35.7208198" lon="140.2527512"><ele>31.02333333333333</ele><time>2026-08-15T04:56:32Z</time></trkpt><trkpt lat="35.7209534" lon="140.2529656"><ele>32.71333333333333</ele><time>2026-08-15T04:56:47Z</time></trkpt><trkpt lat="35.7210694" lon="140.2531403"><ele>33.576666666666675</ele><time>2026-08-15T04:57:31Z</time></trkpt><trkpt lat="35.7211908" lon="140.253323"><ele>34.300000000000004</ele><time>2026-08-15T04:57:57Z</time></trkpt><trkpt lat="35.7213038" lon="140.2535409"><ele>34.699999999999996</ele><time>2026-08-15T04:58:09Z</time></trkpt><trkpt lat="35.7213917" lon="140.2537712"><ele>35.00333333333333</ele><time>2026-08-15T04:58:23Z</time></trkpt><trkpt lat="35.7215101" lon="140.2539666"><ele>35.53</ele><time>2026-08-15T04:58:38Z</time></trkpt><trkpt lat="35.7216085" lon="140.2541615"><ele>36.413333333333334</ele><time>2026-08-15T04:58:50Z</time></trkpt><trkpt lat="35.7217821" lon="140.2543235"><ele>37.27333333333333</ele><time>2026-08-15T04:59:06Z</time></trkpt><trkpt lat="35.721882" lon="140.2545301"><ele>37.54</ele><time>2026-08-15T04:59:20Z</time></trkpt><trkpt lat="35.7219385" lon="140.2547409"><ele>37.00333333333334</ele><time>2026-08-15T04:59:32Z</time></trkpt><trkpt lat="35.722028" lon="140.2549474"><ele>36.43333333333334</ele><time>2026-08-15T04:59:46Z</time></trkpt><trkpt lat="35.7220622" lon="140.2552039"><ele>36.06666666666666</ele><time>2026-08-15T05:00:02Z</time></trkpt><trkpt lat="35.7221946" lon="140.2553546"><ele>36.163333333333334</ele><time>2026-08-15T05:00:16Z</time></trkpt><trkpt lat="35.7222653" lon="140.2555635"><ele>36.42666666666667</ele><time>2026-08-15T05:00:27Z</time></trkpt><trkpt lat="35.7223124" lon="140.2558051"><ele>36.62666666666667</ele><time>2026-08-15T05:00:41Z</time></trkpt><trkpt lat="35.7223252" lon="140.2560818"><ele>36.77333333333333</ele><time>2026-08-15T05:00:57Z</time></trkpt><trkpt lat="35.7223216" lon="140.2563096"><ele>36.77666666666667</ele><time>2026-08-15T05:02:21Z</time></trkpt><trkpt lat="35.7222861" lon="140.2565716"><ele>37.01333333333333</ele><time>2026-08-15T05:02:33Z</time></trkpt><trkpt lat="35.7222471" lon="140.2568353"><ele>36.63333333333333</ele><time>2026-08-15T05:02:50Z</time></trkpt><trkpt lat="35.7221909" lon="140.2570944"><ele>36.116666666666674</ele><time>2026-08-15T05:03:05Z</time></trkpt><trkpt lat="35.7221493" lon="140.2573634"><ele>35.26</ele><time>2026-08-15T05:03:21Z</time></trkpt><trkpt lat="35.722113" lon="140.2575894"><ele>34.92666666666667</ele><time>2026-08-15T05:03:33Z</time></trkpt><trkpt lat="35.7220845" lon="140.2578333"><ele>34.68666666666667</ele><time>2026-08-15T05:03:47Z</time></trkpt><trkpt lat="35.7220811" lon="140.2580831"><ele>34.51</ele><time>2026-08-15T05:04:02Z</time></trkpt><trkpt lat="35.7220813" lon="140.2583167"><ele>34.356666666666676</ele><time>2026-08-15T05:04:16Z</time></trkpt><trkpt lat="35.722088" lon="140.2585466"><ele>34.23333333333334</ele><time>2026-08-15T05:04:32Z</time></trkpt><trkpt lat="35.7220775" lon="140.2587981"><ele>34.22</ele><time>2026-08-15T05:04:48Z</time></trkpt><trkpt lat="35.7220782" lon="140.2590448"><ele>34.18</ele><time>2026-08-15T05:05:03Z</time></trkpt><trkpt lat="35.7220664" lon="140.2592918"><ele>33.870000000000005</ele><time>2026-08-15T05:05:18Z</time></trkpt><trkpt lat="35.7220368" lon="140.2595202"><ele>33.263333333333335</ele><time>2026-08-15T05:05:40Z</time></trkpt><trkpt lat="35.7220418" lon="140.2597452"><ele>32.86000000000001</ele><time>2026-08-15T05:05:55Z</time></trkpt><trkpt lat="35.7220478" lon="140.2599801"><ele>32.72666666666667</ele><time>2026-08-15T05:06:09Z</time></trkpt><trkpt lat="35.7219237" lon="140.2602324"><ele>32.75333333333334</ele><time>2026-08-15T05:06:50Z</time></trkpt><trkpt lat="35.7220276" lon="140.2604725"><ele>32.58</ele><time>2026-08-15T05:07:11Z</time></trkpt><trkpt lat="35.7220147" lon="140.26074"><ele>32.28</ele><time>2026-08-15T05:07:31Z</time></trkpt><trkpt lat="35.7221436" lon="140.2609366"><ele>32.03333333333333</ele><time>2026-08-15T05:08:06Z</time></trkpt><trkpt lat="35.7223355" lon="140.2609419"><ele>31.819999999999997</ele><time>2026-08-15T05:08:18Z</time></trkpt><trkpt lat="35.7224434" lon="140.2611349"><ele>31.673333333333336</ele><time>2026-08-15T05:08:38Z</time></trkpt><trkpt lat="35.7223127" lon="140.261349"><ele>31.513333333333335</ele><time>2026-08-15T05:08:59Z</time></trkpt><trkpt lat="35.7222027" lon="140.2615279"><ele>31.303333333333338</ele><time>2026-08-15T05:09:14Z</time></trkpt><trkpt lat="35.7220654" lon="140.261725"><ele>31.100000000000005</ele><time>2026-08-15T05:09:32Z</time></trkpt><trkpt lat="35.7218915" lon="140.2618956"><ele>30.913333333333338</ele><time>2026-08-15T05:09:46Z</time></trkpt><trkpt lat="35.7216983" lon="140.2620081"><ele>30.773333333333337</ele><time>2026-08-15T05:10:02Z</time></trkpt><trkpt lat="35.7215309" lon="140.2621489"><ele>30.643333333333334</ele><time>2026-08-15T05:10:17Z</time></trkpt><trkpt lat="35.7213678" lon="140.2622698"><ele>30.69333333333334</ele><time>2026-08-15T05:10:32Z</time></trkpt><trkpt lat="35.7211813" lon="140.262376"><ele>31.096666666666668</ele><time>2026-08-15T05:10:47Z</time></trkpt><trkpt lat="35.7209757" lon="140.2625094"><ele>31.7</ele><time>2026-08-15T05:11:02Z</time></trkpt><trkpt lat="35.720781" lon="140.2625334"><ele>32.36333333333334</ele><time>2026-08-15T05:11:20Z</time></trkpt><trkpt lat="35.7206737" lon="140.26274"><ele>32.7</ele><time>2026-08-15T05:11:49Z</time></trkpt><trkpt lat="35.7206587" lon="140.2629672"><ele>32.946666666666665</ele><time>2026-08-15T05:12:00Z</time></trkpt><trkpt lat="35.7206733" lon="140.2632081"><ele>32.84666666666667</ele><time>2026-08-15T05:12:14Z</time></trkpt><trkpt lat="35.7206489" lon="140.2634339"><ele>32.49333333333333</ele><time>2026-08-15T05:12:28Z</time></trkpt><trkpt lat="35.7207244" lon="140.2636523"><ele>32.086666666666666</ele><time>2026-08-15T05:12:43Z</time></trkpt><trkpt lat="35.7209091" lon="140.2637933"><ele>31.820000000000004</ele><time>2026-08-15T05:13:02Z</time></trkpt><trkpt lat="35.7211094" lon="140.263818"><ele>31.849999999999998</ele><time>2026-08-15T05:13:14Z</time></trkpt><trkpt lat="35.7212721" lon="140.2639233"><ele>31.893333333333334</ele><time>2026-08-15T05:13:27Z</time></trkpt><trkpt lat="35.721451" lon="140.2640409"><ele>31.95</ele><time>2026-08-15T05:13:42Z</time></trkpt><trkpt lat="35.7216392" lon="140.2641967"><ele>31.773333333333337</ele><time>2026-08-15T05:14:15Z</time></trkpt><trkpt lat="35.7218214" lon="140.2642884"><ele>31.47</ele><time>2026-08-15T05:14:29Z</time></trkpt><trkpt lat="35.7220062" lon="140.264377"><ele>30.843333333333334</ele><time>2026-08-15T05:14:44Z</time></trkpt><trkpt lat="35.7221711" lon="140.2645187"><ele>30.02</ele><time>2026-08-15T05:14:59Z</time></trkpt><trkpt lat="35.7222983" lon="140.2647001"><ele>29.166666666666668</ele><time>2026-08-15T05:15:13Z</time></trkpt><trkpt lat="35.7224817" lon="140.2648406"><ele>28.873333333333335</ele><time>2026-08-15T05:15:31Z</time></trkpt><trkpt lat="35.7226534" lon="140.2650072"><ele>28.983333333333334</ele><time>2026-08-15T05:15:46Z</time></trkpt><trkpt lat="35.7228084" lon="140.265153"><ele>29.52</ele><time>2026-08-15T05:16:01Z</time></trkpt><trkpt lat="35.7229898" lon="140.265292"><ele>29.986666666666668</ele><time>2026-08-15T05:16:16Z</time></trkpt><trkpt lat="35.7231207" lon="140.2655092"><ele>30.543333333333333</ele><time>2026-08-15T05:16:38Z</time></trkpt><trkpt lat="35.7233245" lon="140.2655335"><ele>30.876666666666665</ele><time>2026-08-15T05:17:28Z</time></trkpt><trkpt lat="35.7234816" lon="140.2656816"><ele>30.983333333333334</ele><time>2026-08-15T05:17:51Z</time></trkpt><trkpt lat="35.7235917" lon="140.2658592"><ele>30.98</ele><time>2026-08-15T05:18:21Z</time></trkpt><trkpt lat="35.72381" lon="140.2658476"><ele>30.876666666666665</ele><time>2026-08-15T05:19:06Z</time></trkpt><trkpt lat="35.7239838" lon="140.2659257"><ele>30.896666666666665</ele><time>2026-08-15T05:19:21Z</time></trkpt><trkpt lat="35.7241668" lon="140.2660269"><ele>30.953333333333333</ele><time>2026-08-15T05:19:36Z</time></trkpt><trkpt lat="35.7243479" lon="140.266091"><ele>31.093333333333334</ele><time>2026-08-15T05:19:48Z</time></trkpt><trkpt lat="35.7245236" lon="140.2661689"><ele>31.213333333333335</ele><time>2026-08-15T05:20:02Z</time></trkpt><trkpt lat="35.7247307" lon="140.2662377"><ele>31.350000000000005</ele><time>2026-08-15T05:20:19Z</time></trkpt><trkpt lat="35.7249177" lon="140.2663376"><ele>31.47666666666667</ele><time>2026-08-15T05:20:38Z</time></trkpt><trkpt lat="35.7250782" lon="140.2664408"><ele>31.58666666666667</ele><time>2026-08-15T05:20:56Z</time></trkpt><trkpt lat="35.7252963" lon="140.2664908"><ele>31.686666666666667</ele><time>2026-08-15T05:22:18Z</time></trkpt><trkpt lat="35.7254875" lon="140.2664539"><ele>31.77</ele><time>2026-08-15T05:24:35Z</time></trkpt><trkpt lat="35.7256685" lon="140.2664897"><ele>31.873333333333335</ele><time>2026-08-15T05:24:52Z</time></trkpt><trkpt lat="35.7257609" lon="140.2662531"><ele>31.896666666666665</ele><time>2026-08-15T05:25:06Z</time></trkpt><trkpt lat="35.7258256" lon="140.2659824"><ele>31.843333333333334</ele><time>2026-08-15T05:25:22Z</time></trkpt><trkpt lat="35.7259107" lon="140.2657559"><ele>31.583333333333332</ele><time>2026-08-15T05:25:47Z</time></trkpt><trkpt lat="35.725957" lon="140.2655126"><ele>31.206666666666667</ele><time>2026-08-15T05:26:08Z</time></trkpt><trkpt lat="35.725896" lon="140.2657346"><ele>31.043333333333333</ele><time>2026-08-15T05:27:26Z</time></trkpt><trkpt lat="35.7258315" lon="140.2655181"><ele>30.929999999999996</ele><time>2026-08-15T05:28:30Z</time></trkpt><trkpt lat="35.7256464" lon="140.2655423"><ele>31.133333333333336</ele><time>2026-08-15T05:30:05Z</time></trkpt><trkpt lat="35.7258101" lon="140.2656976"><ele>31.156666666666666</ele><time>2026-08-15T05:30:19Z</time></trkpt><trkpt lat="35.7258316" lon="140.2659663"><ele>31.39</ele><time>2026-08-15T05:30:34Z</time></trkpt><trkpt lat="35.7257714" lon="140.2661834"><ele>31.563333333333333</ele><time>2026-08-15T05:30:46Z</time></trkpt><trkpt lat="35.7257184" lon="140.2663999"><ele>31.790000000000003</ele><time>2026-08-15T05:30:58Z</time></trkpt><trkpt lat="35.725745" lon="140.2666263"><ele>31.933333333333337</ele><time>2026-08-15T05:31:13Z</time></trkpt><trkpt lat="35.7259551" lon="140.2667118"><ele>32.01333333333333</ele><time>2026-08-15T05:31:28Z</time></trkpt><trkpt lat="35.7261751" lon="140.2667587"><ele>32.25666666666667</ele><time>2026-08-15T05:31:43Z</time></trkpt><trkpt lat="35.7263841" lon="140.266805"><ele>32.54333333333333</ele><time>2026-08-15T05:31:57Z</time></trkpt><trkpt lat="35.7265663" lon="140.2668757"><ele>32.74</ele><time>2026-08-15T05:32:12Z</time></trkpt><trkpt lat="35.726776" lon="140.2669556"><ele>32.666666666666664</ele><time>2026-08-15T05:32:28Z</time></trkpt><trkpt lat="35.7269521" lon="140.267022"><ele>32.34</ele><time>2026-08-15T05:32:42Z</time></trkpt><trkpt lat="35.7270406" lon="140.2668089"><ele>32.08</ele><time>2026-08-15T05:33:00Z</time></trkpt><trkpt lat="35.7271395" lon="140.2665857"><ele>31.78</ele><time>2026-08-15T05:33:15Z</time></trkpt><trkpt lat="35.7272177" lon="140.266407"><ele>31.220000000000002</ele><time>2026-08-15T05:45:26Z</time></trkpt><trkpt lat="35.7272467" lon="140.2666383"><ele>31.410000000000004</ele><time>2026-08-15T05:45:30Z</time></trkpt><trkpt lat="35.72718" lon="140.266425"><ele>31.326666666666668</ele><time>2026-08-15T05:46:08Z</time></trkpt><trkpt lat="35.7270835" lon="140.2666592"><ele>31.51666666666667</ele><time>2026-08-15T05:47:54Z</time></trkpt><trkpt lat="35.7270172" lon="140.2668689"><ele>31.613333333333333</ele><time>2026-08-15T05:48:06Z</time></trkpt><trkpt lat="35.7271421" lon="140.2670496"><ele>31.75</ele><time>2026-08-15T05:48:35Z</time></trkpt><trkpt lat="35.7273226" lon="140.2671014"><ele>31.493333333333336</ele><time>2026-08-15T05:48:44Z</time></trkpt><trkpt lat="35.7275109" lon="140.2671639"><ele>31.05</ele><time>2026-08-15T05:48:56Z</time></trkpt><trkpt lat="35.7276989" lon="140.2672037"><ele>30.613333333333333</ele><time>2026-08-15T05:49:08Z</time></trkpt><trkpt lat="35.7279077" lon="140.2672803"><ele>30.53</ele><time>2026-08-15T05:49:23Z</time></trkpt><trkpt lat="35.7280641" lon="140.2674325"><ele>30.73</ele><time>2026-08-15T05:50:09Z</time></trkpt><trkpt lat="35.7282574" lon="140.2673846"><ele>31.13</ele><time>2026-08-15T05:50:22Z</time></trkpt><trkpt lat="35.728455" lon="140.2674126"><ele>31.26666666666667</ele><time>2026-08-15T05:51:22Z</time></trkpt><trkpt lat="35.728264" lon="140.2673476"><ele>31.343333333333334</ele><time>2026-08-15T05:53:14Z</time></trkpt><trkpt lat="35.7283019" lon="140.2675901"><ele>31.156666666666666</ele><time>2026-08-15T05:53:45Z</time></trkpt><trkpt lat="35.728457" lon="140.2677094"><ele>31.00666666666667</ele><time>2026-08-15T05:54:00Z</time></trkpt><trkpt lat="35.7286174" lon="140.2678185"><ele>30.813333333333333</ele><time>2026-08-15T05:54:15Z</time></trkpt><trkpt lat="35.7288001" lon="140.2679522"><ele>30.74</ele><time>2026-08-15T05:54:32Z</time></trkpt><trkpt lat="35.729012" lon="140.2680371"><ele>30.656666666666666</ele><time>2026-08-15T05:54:48Z</time></trkpt><trkpt lat="35.7291844" lon="140.2681405"><ele>30.573333333333334</ele><time>2026-08-15T05:55:00Z</time></trkpt><trkpt lat="35.7293502" lon="140.2682319"><ele>30.50666666666667</ele><time>2026-08-15T05:55:11Z</time></trkpt><trkpt lat="35.7295335" lon="140.2683218"><ele>30.46333333333334</ele><time>2026-08-15T05:55:26Z</time></trkpt><trkpt lat="35.7297369" lon="140.2683683"><ele>30.39</ele><time>2026-08-15T05:55:41Z</time></trkpt><trkpt lat="35.7299183" lon="140.2684043"><ele>30.30666666666667</ele><time>2026-08-15T05:55:53Z</time></trkpt><trkpt lat="35.7301128" lon="140.2684258"><ele>30.22666666666667</ele><time>2026-08-15T05:56:08Z</time></trkpt><trkpt lat="35.7303098" lon="140.2684419"><ele>30.143333333333334</ele><time>2026-08-15T05:56:23Z</time></trkpt><trkpt lat="35.7304991" lon="140.2685177"><ele>30.066666666666666</ele><time>2026-08-15T05:56:41Z</time></trkpt><trkpt lat="35.7306792" lon="140.268602"><ele>29.78</ele><time>2026-08-15T05:56:58Z</time></trkpt><trkpt lat="35.7308261" lon="140.268769"><ele>28.49666666666667</ele><time>2026-08-15T05:58:26Z</time></trkpt><trkpt lat="35.7309861" lon="140.2689395"><ele>26.17</ele><time>2026-08-15T05:58:40Z</time></trkpt><trkpt lat="35.7311416" lon="140.2691224"><ele>24.036666666666672</ele><time>2026-08-15T05:58:55Z</time></trkpt><trkpt lat="35.7312675" lon="140.2693"><ele>22.900000000000002</ele><time>2026-08-15T05:59:07Z</time></trkpt><trkpt lat="35.7314231" lon="140.2694124"><ele>22.63666666666667</ele><time>2026-08-15T05:59:27Z</time></trkpt><trkpt lat="35.7315261" lon="140.2696076"><ele>22.49666666666667</ele><time>2026-08-15T06:00:39Z</time></trkpt><trkpt lat="35.7316935" lon="140.2697322"><ele>21.923333333333332</ele><time>2026-08-15T06:00:52Z</time></trkpt><trkpt lat="35.7318593" lon="140.2699079"><ele>21.586666666666662</ele><time>2026-08-15T06:01:07Z</time></trkpt><trkpt lat="35.7320439" lon="140.2700533"><ele>21.166666666666668</ele><time>2026-08-15T06:01:21Z</time></trkpt><trkpt lat="35.7322417" lon="140.270185"><ele>20.99</ele><time>2026-08-15T06:01:37Z</time></trkpt><trkpt lat="35.7324332" lon="140.2703033"><ele>20.656666666666666</ele><time>2026-08-15T06:01:51Z</time></trkpt><trkpt lat="35.7326258" lon="140.2704187"><ele>19.356666666666666</ele><time>2026-08-15T06:02:06Z</time></trkpt><trkpt lat="35.7327947" lon="140.2705235"><ele>18.2</ele><time>2026-08-15T06:02:18Z</time></trkpt><trkpt lat="35.7329952" lon="140.2705156"><ele>16.286666666666665</ele><time>2026-08-15T06:02:37Z</time></trkpt><trkpt lat="35.7331965" lon="140.2705692"><ele>15.236666666666666</ele><time>2026-08-15T06:02:53Z</time></trkpt><trkpt lat="35.7333628" lon="140.2706575"><ele>14.076666666666668</ele><time>2026-08-15T06:03:07Z</time></trkpt><trkpt lat="35.7335066" lon="140.2708133"><ele>13.473333333333334</ele><time>2026-08-15T06:03:22Z</time></trkpt><trkpt lat="35.7337139" lon="140.2708787"><ele>12.660000000000002</ele><time>2026-08-15T06:03:38Z</time></trkpt><trkpt lat="35.733873" lon="140.271006"><ele>11.763333333333334</ele><time>2026-08-15T06:03:50Z</time></trkpt><trkpt lat="35.7340133" lon="140.2712056"><ele>10.899999999999999</ele><time>2026-08-15T06:04:04Z</time></trkpt><trkpt lat="35.7341757" lon="140.2713296"><ele>10.113333333333333</ele><time>2026-08-15T06:04:20Z</time></trkpt><trkpt lat="35.7343425" lon="140.2715"><ele>9.43</ele><time>2026-08-15T06:04:35Z</time></trkpt><trkpt lat="35.7345095" lon="140.2716173"><ele>9.01</ele><time>2026-08-15T06:04:51Z</time></trkpt><trkpt lat="35.734692" lon="140.2716106"><ele>8.82</ele><time>2026-08-15T06:05:12Z</time></trkpt><trkpt lat="35.7348751" lon="140.2716803"><ele>8.68</ele><time>2026-08-15T06:05:28Z</time></trkpt><trkpt lat="35.735066" lon="140.2717344"><ele>8.43</ele><time>2026-08-15T06:05:43Z</time></trkpt><trkpt lat="35.7352795" lon="140.2717762"><ele>8.13</ele><time>2026-08-15T06:05:57Z</time></trkpt><trkpt lat="35.735459" lon="140.2718504"><ele>7.783333333333334</ele><time>2026-08-15T06:06:13Z</time></trkpt><trkpt lat="35.7356449" lon="140.2719269"><ele>7.443333333333334</ele><time>2026-08-15T06:06:28Z</time></trkpt><trkpt lat="35.7358273" lon="140.2719573"><ele>7.1066666666666665</ele><time>2026-08-15T06:06:43Z</time></trkpt><trkpt lat="35.736031" lon="140.2719649"><ele>6.873333333333334</ele><time>2026-08-15T06:06:57Z</time></trkpt><trkpt lat="35.7362068" lon="140.2718944"><ele>6.7</ele><time>2026-08-15T06:07:13Z</time></trkpt><trkpt lat="35.7364073" lon="140.2718201"><ele>6.530000000000001</ele><time>2026-08-15T06:08:07Z</time></trkpt><trkpt lat="35.7365345" lon="140.2720315"><ele>6.383333333333333</ele><time>2026-08-15T06:10:06Z</time></trkpt><trkpt lat="35.7366258" lon="140.2722653"><ele>6.3133333333333335</ele><time>2026-08-15T06:10:21Z</time></trkpt><trkpt lat="35.7367149" lon="140.2724612"><ele>6.32</ele><time>2026-08-15T06:10:35Z</time></trkpt><trkpt lat="35.7367909" lon="140.2726867"><ele>6.396666666666667</ele><time>2026-08-15T06:10:49Z</time></trkpt><trkpt lat="35.7369221" lon="140.2728488"><ele>6.443333333333334</ele><time>2026-08-15T06:11:02Z</time></trkpt><trkpt lat="35.7370793" lon="140.273007"><ele>6.456666666666667</ele><time>2026-08-15T06:11:16Z</time></trkpt><trkpt lat="35.7372596" lon="140.2731306"><ele>6.283333333333334</ele><time>2026-08-15T06:11:31Z</time></trkpt><trkpt lat="35.7374037" lon="140.273293"><ele>6.2</ele><time>2026-08-15T06:11:48Z</time></trkpt><trkpt lat="35.7375821" lon="140.273389"><ele>6.36</ele><time>2026-08-15T06:12:02Z</time></trkpt><trkpt lat="35.7377604" lon="140.2734396"><ele>6.96</ele><time>2026-08-15T06:12:14Z</time></trkpt><trkpt lat="35.7379298" lon="140.2735704"><ele>7.703333333333333</ele><time>2026-08-15T06:12:30Z</time></trkpt><trkpt lat="35.7379176" lon="140.2738398"><ele>8.389999999999999</ele><time>2026-08-15T06:13:47Z</time></trkpt><trkpt lat="35.7379069" lon="140.2741021"><ele>8.74</ele><time>2026-08-15T06:14:10Z</time></trkpt><trkpt lat="35.7380608" lon="140.2742202"><ele>8.966666666666667</ele><time>2026-08-15T06:15:08Z</time></trkpt><trkpt lat="35.7382326" lon="140.2743346"><ele>9.14</ele><time>2026-08-15T06:15:21Z</time></trkpt><trkpt lat="35.7383828" lon="140.274472"><ele>9.32</ele><time>2026-08-15T06:15:33Z</time></trkpt><trkpt lat="35.738559" lon="140.274645"><ele>9.4</ele><time>2026-08-15T06:15:49Z</time></trkpt><trkpt lat="35.7386888" lon="140.2748122"><ele>9.41</ele><time>2026-08-15T06:16:03Z</time></trkpt><trkpt lat="35.7388122" lon="140.275"><ele>9.516666666666667</ele><time>2026-08-15T06:16:19Z</time></trkpt><trkpt lat="35.7389146" lon="140.2751969"><ele>9.57</ele><time>2026-08-15T06:16:33Z</time></trkpt><trkpt lat="35.7390028" lon="140.2754168"><ele>9.6</ele><time>2026-08-15T06:16:49Z</time></trkpt><trkpt lat="35.7391469" lon="140.2756146"><ele>9.596666666666666</ele><time>2026-08-15T06:17:12Z</time></trkpt><trkpt lat="35.7392511" lon="140.2758017"><ele>9.653333333333334</ele><time>2026-08-15T06:17:24Z</time></trkpt><trkpt lat="35.7394019" lon="140.2759727"><ele>9.696666666666667</ele><time>2026-08-15T06:17:38Z</time></trkpt><trkpt lat="35.7395432" lon="140.2761125"><ele>9.693333333333333</ele><time>2026-08-15T06:17:53Z</time></trkpt><trkpt lat="35.7396654" lon="140.2762761"><ele>9.606666666666667</ele><time>2026-08-15T06:18:10Z</time></trkpt><trkpt lat="35.7398091" lon="140.2764976"><ele>9.443333333333333</ele><time>2026-08-15T06:18:25Z</time></trkpt><trkpt lat="35.7399536" lon="140.2767038"><ele>9.346666666666666</ele><time>2026-08-15T06:18:41Z</time></trkpt><trkpt lat="35.7400343" lon="140.2769161"><ele>9.43</ele><time>2026-08-15T06:18:56Z</time></trkpt><trkpt lat="35.7400118" lon="140.2771592"><ele>9.646666666666667</ele><time>2026-08-15T06:19:29Z</time></trkpt><trkpt lat="35.7400071" lon="140.2774182"><ele>10.323333333333332</ele><time>2026-08-15T06:19:52Z</time></trkpt><trkpt lat="35.7399064" lon="140.2776559"><ele>11.213333333333333</ele><time>2026-08-15T06:20:07Z</time></trkpt><trkpt lat="35.7397781" lon="140.2778717"><ele>11.906666666666666</ele><time>2026-08-15T06:20:22Z</time></trkpt><trkpt lat="35.739641" lon="140.2780274"><ele>12.076666666666666</ele><time>2026-08-15T06:20:36Z</time></trkpt><trkpt lat="35.7394411" lon="140.278133"><ele>11.756666666666666</ele><time>2026-08-15T06:20:50Z</time></trkpt><trkpt lat="35.7392653" lon="140.2782626"><ele>11.26</ele><time>2026-08-15T06:21:08Z</time></trkpt><trkpt lat="35.7392133" lon="140.2784855"><ele>10.89</ele><time>2026-08-15T06:21:46Z</time></trkpt><trkpt lat="35.7392525" lon="140.2787347"><ele>10.65</ele><time>2026-08-15T06:22:11Z</time></trkpt><trkpt lat="35.7394061" lon="140.2789189"><ele>11.356666666666667</ele><time>2026-08-15T06:22:23Z</time></trkpt><trkpt lat="35.7395841" lon="140.2790746"><ele>13.133333333333335</ele><time>2026-08-15T06:22:58Z</time></trkpt><trkpt lat="35.7397174" lon="140.2792496"><ele>14.916666666666666</ele><time>2026-08-15T06:23:09Z</time></trkpt><trkpt lat="35.7398801" lon="140.2793641"><ele>15.21</ele><time>2026-08-15T06:23:21Z</time></trkpt><trkpt lat="35.7400221" lon="140.2795175"><ele>14.893333333333333</ele><time>2026-08-15T06:23:42Z</time></trkpt><trkpt lat="35.7401766" lon="140.2796472"><ele>15.966666666666669</ele><time>2026-08-15T06:24:05Z</time></trkpt><trkpt lat="35.7403138" lon="140.2798198"><ele>19.926666666666666</ele><time>2026-08-15T06:24:27Z</time></trkpt><trkpt lat="35.7404566" lon="140.2800305"><ele>23.92</ele><time>2026-08-15T06:24:49Z</time></trkpt><trkpt lat="35.740534" lon="140.2802384"><ele>26.253333333333334</ele><time>2026-08-15T06:25:17Z</time></trkpt><trkpt lat="35.7406467" lon="140.2804533"><ele>26.633333333333336</ele><time>2026-08-15T06:27:12Z</time></trkpt><trkpt lat="35.740675" lon="140.2807133"><ele>26.503333333333334</ele><time>2026-08-15T06:27:30Z</time></trkpt><trkpt lat="35.7407932" lon="140.2809098"><ele>26.959999999999997</ele><time>2026-08-15T06:27:48Z</time></trkpt><trkpt lat="35.7409011" lon="140.2811042"><ele>28.08</ele><time>2026-08-15T06:28:04Z</time></trkpt><trkpt lat="35.74108" lon="140.281268"><ele>29.25</ele><time>2026-08-15T06:28:19Z</time></trkpt><trkpt lat="35.7412564" lon="140.28141"><ele>30.096666666666668</ele><time>2026-08-15T06:28:36Z</time></trkpt><trkpt lat="35.7414501" lon="140.2814808"><ele>30.650000000000006</ele><time>2026-08-15T06:28:53Z</time></trkpt><trkpt lat="35.7416421" lon="140.2815431"><ele>31.353333333333335</ele><time>2026-08-15T06:29:09Z</time></trkpt><trkpt lat="35.7417944" lon="140.2816676"><ele>32.14666666666667</ele><time>2026-08-15T06:29:40Z</time></trkpt><trkpt lat="35.7419277" lon="140.2818254"><ele>32.46666666666667</ele><time>2026-08-15T06:29:51Z</time></trkpt><trkpt lat="35.7420668" lon="140.2820153"><ele>32.4</ele><time>2026-08-15T06:30:07Z</time></trkpt><trkpt lat="35.742105" lon="140.2822538"><ele>32.60666666666666</ele><time>2026-08-15T06:30:23Z</time></trkpt><trkpt lat="35.7422029" lon="140.282447"><ele>32.82</ele><time>2026-08-15T06:30:42Z</time></trkpt><trkpt lat="35.7422182" lon="140.2826912"><ele>33.85666666666667</ele><time>2026-08-15T06:32:20Z</time></trkpt><trkpt lat="35.7422488" lon="140.2829192"><ele>34.733333333333334</ele><time>2026-08-15T06:32:35Z</time></trkpt><trkpt lat="35.7423178" lon="140.2831735"><ele>35.306666666666665</ele><time>2026-08-15T06:32:52Z</time></trkpt><trkpt lat="35.7423683" lon="140.2833983"><ele>35.11000000000001</ele><time>2026-08-15T06:33:07Z</time></trkpt><trkpt lat="35.7424095" lon="140.2836222"><ele>34.74666666666667</ele><time>2026-08-15T06:33:22Z</time></trkpt><trkpt lat="35.742445" lon="140.2838397"><ele>34.546666666666674</ele><time>2026-08-15T06:33:34Z</time></trkpt><trkpt lat="35.74247" lon="140.2840682"><ele>34.35666666666667</ele><time>2026-08-15T06:33:49Z</time></trkpt><trkpt lat="35.7425375" lon="140.2842932"><ele>34.16</ele><time>2026-08-15T06:34:03Z</time></trkpt><trkpt lat="35.7426252" lon="140.2845099"><ele>34.04333333333334</ele><time>2026-08-15T06:34:19Z</time></trkpt><trkpt lat="35.7426739" lon="140.284729"><ele>34.013333333333335</ele><time>2026-08-15T06:34:34Z</time></trkpt><trkpt lat="35.7426718" lon="140.284482"><ele>33.75</ele><time>2026-08-15T06:37:48Z</time></trkpt><trkpt lat="35.7428164" lon="140.2846664"><ele>33.445</ele><time>2026-08-15T06:37:57Z</time></trkpt><trkpt lat="35.7429364" lon="140.2848911"><ele>33.35666666666666</ele><time>2026-08-15T06:38:09Z</time></trkpt><trkpt lat="35.7430362" lon="140.2851002"><ele>33.21</ele><time>2026-08-15T06:38:26Z</time></trkpt><trkpt lat="35.7431561" lon="140.2853063"><ele>33.82</ele><time>2026-08-15T06:38:40Z</time></trkpt><trkpt lat="35.743331" lon="140.2854597"><ele>34.42333333333334</ele><time>2026-08-15T06:39:11Z</time></trkpt><trkpt lat="35.7434549" lon="140.2856318"><ele>34.98666666666667</ele><time>2026-08-15T06:39:22Z</time></trkpt><trkpt lat="35.7435699" lon="140.2858504"><ele>34.99666666666667</ele><time>2026-08-15T06:39:36Z</time></trkpt><trkpt lat="35.7436804" lon="140.2860702"><ele>35.0</ele><time>2026-08-15T06:39:51Z</time></trkpt><trkpt lat="35.7437833" lon="140.2862831"><ele>35.0</ele><time>2026-08-15T06:40:05Z</time></trkpt><trkpt lat="35.743888" lon="140.2865078"><ele>35.0</ele><time>2026-08-15T06:40:20Z</time></trkpt><trkpt lat="35.743987" lon="140.2867563"><ele>35.0</ele><time>2026-08-15T06:40:35Z</time></trkpt><trkpt lat="35.7440591" lon="140.2869775"><ele>35.0</ele><time>2026-08-15T06:40:47Z</time></trkpt><trkpt lat="35.7440703" lon="140.2872045"><ele>35.0</ele><time>2026-08-15T06:40:58Z</time></trkpt><trkpt lat="35.7439867" lon="140.28744"><ele>35.0</ele><time>2026-08-15T06:42:46Z</time></trkpt><trkpt lat="35.7440345" lon="140.2876639"><ele>35.0</ele><time>2026-08-15T06:43:04Z</time></trkpt><trkpt lat="35.7440533" lon="140.2879045"><ele>35.0</ele><time>2026-08-15T06:43:21Z</time></trkpt><trkpt lat="35.7440747" lon="140.2881593"><ele>35.0</ele><time>2026-08-15T06:43:35Z</time></trkpt><trkpt lat="35.7441124" lon="140.288381"><ele>35.0</ele><time>2026-08-15T06:43:49Z</time></trkpt><trkpt lat="35.7442659" lon="140.2885771"><ele>35.0</ele><time>2026-08-15T06:44:18Z</time></trkpt><trkpt lat="35.7444005" lon="140.2887448"><ele>35.0</ele><time>2026-08-15T06:44:30Z</time></trkpt><trkpt lat="35.7445828" lon="140.2888758"><ele>35.0</ele><time>2026-08-15T06:44:45Z</time></trkpt><trkpt lat="35.7447617" lon="140.2889772"><ele>35.0</ele><time>2026-08-15T06:45:02Z</time></trkpt><trkpt lat="35.7448993" lon="140.2891422"><ele>35.0</ele><time>2026-08-15T06:45:17Z</time></trkpt><trkpt lat="35.7450797" lon="140.2892139"><ele>34.99666666666667</ele><time>2026-08-15T06:45:31Z</time></trkpt><trkpt lat="35.7452766" lon="140.2893476"><ele>34.663333333333334</ele><time>2026-08-15T06:46:20Z</time></trkpt><trkpt lat="35.7454898" lon="140.2893763"><ele>34.223333333333336</ele><time>2026-08-15T06:47:46Z</time></trkpt><trkpt lat="35.7456382" lon="140.2895419"><ele>33.400000000000006</ele><time>2026-08-15T06:47:59Z</time></trkpt><trkpt lat="35.745765" lon="140.2897061"><ele>32.330000000000005</ele><time>2026-08-15T06:48:16Z</time></trkpt><trkpt lat="35.7459738" lon="140.2896696"><ele>31.206666666666667</ele><time>2026-08-15T06:48:28Z</time></trkpt><trkpt lat="35.7461564" lon="140.2896715"><ele>30.766666666666666</ele><time>2026-08-15T06:48:41Z</time></trkpt><trkpt lat="35.7463394" lon="140.2898168"><ele>31.03</ele><time>2026-08-15T06:48:59Z</time></trkpt><trkpt lat="35.7464986" lon="140.2899949"><ele>30.163333333333338</ele><time>2026-08-15T06:49:16Z</time></trkpt><trkpt lat="35.7466368" lon="140.2901643"><ele>28.370000000000005</ele><time>2026-08-15T06:49:30Z</time></trkpt><trkpt lat="35.7468168" lon="140.2902535"><ele>26.713333333333335</ele><time>2026-08-15T06:49:55Z</time></trkpt><trkpt lat="35.7470141" lon="140.2903525"><ele>24.55333333333333</ele><time>2026-08-15T06:50:09Z</time></trkpt><trkpt lat="35.7471988" lon="140.2904088"><ele>22.513333333333335</ele><time>2026-08-15T06:50:24Z</time></trkpt><trkpt lat="35.7473562" lon="140.2905304"><ele>20.27</ele><time>2026-08-15T06:50:45Z</time></trkpt><trkpt lat="35.7475266" lon="140.2906078"><ele>19.79</ele><time>2026-08-15T06:50:56Z</time></trkpt><trkpt lat="35.7477021" lon="140.2906603"><ele>19.766666666666666</ele><time>2026-08-15T06:51:11Z</time></trkpt><trkpt lat="35.7478579" lon="140.2907857"><ele>19.723333333333333</ele><time>2026-08-15T06:51:26Z</time></trkpt><trkpt lat="35.7480355" lon="140.2908916"><ele>19.69333333333333</ele><time>2026-08-15T06:51:40Z</time></trkpt><trkpt lat="35.7482157" lon="140.2910223"><ele>19.64666666666667</ele><time>2026-08-15T06:51:54Z</time></trkpt><trkpt lat="35.7483333" lon="140.291207"><ele>19.546666666666667</ele><time>2026-08-15T06:52:09Z</time></trkpt><trkpt lat="35.7484674" lon="140.2913797"><ele>19.439999999999998</ele><time>2026-08-15T06:52:26Z</time></trkpt><trkpt lat="35.7484783" lon="140.291655"><ele>19.376666666666665</ele><time>2026-08-15T06:53:25Z</time></trkpt><trkpt lat="35.7485758" lon="140.2919344"><ele>19.30666666666667</ele><time>2026-08-15T06:55:16Z</time></trkpt><trkpt lat="35.7487309" lon="140.2920503"><ele>19.21666666666667</ele><time>2026-08-15T06:55:47Z</time></trkpt><trkpt lat="35.7489275" lon="140.2920727"><ele>19.21666666666667</ele><time>2026-08-15T06:56:16Z</time></trkpt><trkpt lat="35.7489999" lon="140.2923017"><ele>19.203333333333333</ele><time>2026-08-15T06:56:27Z</time></trkpt><trkpt lat="35.7489906" lon="140.2925562"><ele>19.226666666666667</ele><time>2026-08-15T06:56:39Z</time></trkpt><trkpt lat="35.749" lon="140.292779"><ele>19.263333333333332</ele><time>2026-08-15T06:56:53Z</time></trkpt><trkpt lat="35.7490057" lon="140.2930026"><ele>19.85</ele><time>2026-08-15T06:57:08Z</time></trkpt><trkpt lat="35.7491156" lon="140.2933191"><ele>22.710000000000004</ele><time>2026-08-15T06:57:38Z</time></trkpt><trkpt lat="35.7491633" lon="140.2935633"><ele>25.733333333333334</ele><time>2026-08-15T06:57:53Z</time></trkpt><trkpt lat="35.7492597" lon="140.2938056"><ele>28.176666666666666</ele><time>2026-08-15T06:58:08Z</time></trkpt><trkpt lat="35.7493971" lon="140.2940026"><ele>28.409999999999997</ele><time>2026-08-15T06:58:25Z</time></trkpt><trkpt lat="35.7494999" lon="140.2942022"><ele>28.376666666666665</ele><time>2026-08-15T06:58:39Z</time></trkpt><trkpt lat="35.7496029" lon="140.2944313"><ele>28.373333333333335</ele><time>2026-08-15T06:58:54Z</time></trkpt><trkpt lat="35.7497208" lon="140.2946533"><ele>28.38</ele><time>2026-08-15T06:59:08Z</time></trkpt><trkpt lat="35.7498348" lon="140.2948305"><ele>28.47666666666667</ele><time>2026-08-15T06:59:25Z</time></trkpt><trkpt lat="35.7499537" lon="140.2950282"><ele>28.646666666666665</ele><time>2026-08-15T06:59:40Z</time></trkpt><trkpt lat="35.7500794" lon="140.2952335"><ele>28.75</ele><time>2026-08-15T06:59:53Z</time></trkpt><trkpt lat="35.7502066" lon="140.2954387"><ele>28.69333333333333</ele><time>2026-08-15T07:00:11Z</time></trkpt><trkpt lat="35.7503338" lon="140.2956565"><ele>28.400000000000002</ele><time>2026-08-15T07:00:28Z</time></trkpt><trkpt lat="35.7504411" lon="140.2958485"><ele>27.996666666666666</ele><time>2026-08-15T07:00:40Z</time></trkpt><trkpt lat="35.750554" lon="140.2960712"><ele>27.703333333333333</ele><time>2026-08-15T07:00:57Z</time></trkpt><trkpt lat="35.7506584" lon="140.2962705"><ele>27.61</ele><time>2026-08-15T07:01:13Z</time></trkpt><trkpt lat="35.7508178" lon="140.296536"><ele>27.599999999999998</ele><time>2026-08-15T07:01:59Z</time></trkpt><trkpt lat="35.750901" lon="140.2967334"><ele>27.596666666666664</ele><time>2026-08-15T07:02:11Z</time></trkpt><trkpt lat="35.7510064" lon="140.2969465"><ele>27.516666666666666</ele><time>2026-08-15T07:02:35Z</time></trkpt><trkpt lat="35.7511406" lon="140.2971511"><ele>27.14</ele><time>2026-08-15T07:02:49Z</time></trkpt><trkpt lat="35.7512253" lon="140.297378"><ele>26.323333333333334</ele><time>2026-08-15T07:03:03Z</time></trkpt><trkpt lat="35.7513018" lon="140.2975893"><ele>25.006666666666664</ele><time>2026-08-15T07:03:24Z</time></trkpt><trkpt lat="35.7514027" lon="140.2977948"><ele>24.453333333333333</ele><time>2026-08-15T07:03:39Z</time></trkpt><trkpt lat="35.751488" lon="140.2980091"><ele>24.436666666666667</ele><time>2026-08-15T07:03:50Z</time></trkpt><trkpt lat="35.7515802" lon="140.2982127"><ele>25.180000000000003</ele><time>2026-08-15T07:04:06Z</time></trkpt><trkpt lat="35.7516516" lon="140.2984198"><ele>25.473333333333333</ele><time>2026-08-15T07:04:20Z</time></trkpt><trkpt lat="35.7517551" lon="140.2986244"><ele>25.926666666666666</ele><time>2026-08-15T07:04:34Z</time></trkpt><trkpt lat="35.7518475" lon="140.2988284"><ele>26.27</ele><time>2026-08-15T07:04:49Z</time></trkpt><trkpt lat="35.7519436" lon="140.2990409"><ele>26.883333333333336</ele><time>2026-08-15T07:05:03Z</time></trkpt><trkpt lat="35.7520341" lon="140.2992516"><ele>27.44333333333333</ele><time>2026-08-15T07:05:18Z</time></trkpt><trkpt lat="35.7520854" lon="140.2994858"><ele>28.143333333333334</ele><time>2026-08-15T07:05:36Z</time></trkpt><trkpt lat="35.7522271" lon="140.2996757"><ele>28.776666666666667</ele><time>2026-08-15T07:05:48Z</time></trkpt><trkpt lat="35.7521767" lon="140.2999167"><ele>29.333333333333332</ele><time>2026-08-15T07:06:34Z</time></trkpt><trkpt lat="35.75231" lon="140.3001099"><ele>30.0</ele><time>2026-08-15T07:06:49Z</time></trkpt><trkpt lat="35.7523947" lon="140.3003179"><ele>30.450000000000003</ele><time>2026-08-15T07:07:03Z</time></trkpt><trkpt lat="35.7525528" lon="140.3005026"><ele>30.906666666666666</ele><time>2026-08-15T07:07:20Z</time></trkpt><trkpt lat="35.7527201" lon="140.3006205"><ele>31.393333333333334</ele><time>2026-08-15T07:07:34Z</time></trkpt><trkpt lat="35.7528806" lon="140.3007291"><ele>32.18</ele><time>2026-08-15T07:07:48Z</time></trkpt><trkpt lat="35.7530456" lon="140.3008561"><ele>32.916666666666664</ele><time>2026-08-15T07:08:02Z</time></trkpt><trkpt lat="35.7532034" lon="140.3009867"><ele>33.48666666666667</ele><time>2026-08-15T07:08:16Z</time></trkpt><trkpt lat="35.7533433" lon="140.3011339"><ele>33.84</ele><time>2026-08-15T07:08:30Z</time></trkpt><trkpt lat="35.7534769" lon="140.301283"><ele>34.03</ele><time>2026-08-15T07:08:44Z</time></trkpt><trkpt lat="35.7536393" lon="140.3014641"><ele>34.153333333333336</ele><time>2026-08-15T07:09:01Z</time></trkpt><trkpt lat="35.7537758" lon="140.3016232"><ele>34.20666666666667</ele><time>2026-08-15T07:09:17Z</time></trkpt><trkpt lat="35.7538544" lon="140.3018356"><ele>34.35</ele><time>2026-08-15T07:09:37Z</time></trkpt><trkpt lat="35.7539835" lon="140.3020086"><ele>34.5</ele><time>2026-08-15T07:09:49Z</time></trkpt><trkpt lat="35.7541137" lon="140.3021629"><ele>34.803333333333335</ele><time>2026-08-15T07:10:00Z</time></trkpt><trkpt lat="35.7542179" lon="140.3024041"><ele>35.12</ele><time>2026-08-15T07:10:18Z</time></trkpt><trkpt lat="35.7543311" lon="140.3026246"><ele>35.4</ele><time>2026-08-15T07:10:32Z</time></trkpt><trkpt lat="35.7544766" lon="140.3028193"><ele>35.593333333333334</ele><time>2026-08-15T07:10:46Z</time></trkpt><trkpt lat="35.7546227" lon="140.3030001"><ele>35.830000000000005</ele><time>2026-08-15T07:11:01Z</time></trkpt><trkpt lat="35.7547572" lon="140.3032053"><ele>35.96000000000001</ele><time>2026-08-15T07:11:20Z</time></trkpt><trkpt lat="35.7549729" lon="140.3033037"><ele>35.90666666666667</ele><time>2026-08-15T07:11:35Z</time></trkpt><trkpt lat="35.7551218" lon="140.3034396"><ele>35.70666666666667</ele><time>2026-08-15T07:11:49Z</time></trkpt><trkpt lat="35.7553196" lon="140.3035299"><ele>35.51333333333333</ele><time>2026-08-15T07:12:08Z</time></trkpt><trkpt lat="35.7555083" lon="140.3036533"><ele>35.416666666666664</ele><time>2026-08-15T07:12:56Z</time></trkpt><trkpt lat="35.7555536" lon="140.3039157"><ele>35.25</ele><time>2026-08-15T07:13:13Z</time></trkpt><trkpt lat="35.7555695" lon="140.3041652"><ele>34.873333333333335</ele><time>2026-08-15T07:13:30Z</time></trkpt><trkpt lat="35.75562" lon="140.3043931"><ele>34.50666666666667</ele><time>2026-08-15T07:13:44Z</time></trkpt><trkpt lat="35.7558296" lon="140.3044491"><ele>33.95666666666667</ele><time>2026-08-15T07:14:03Z</time></trkpt><trkpt lat="35.7560252" lon="140.3044385"><ele>33.61666666666667</ele><time>2026-08-15T07:14:21Z</time></trkpt><trkpt lat="35.7562413" lon="140.3044239"><ele>33.13333333333333</ele><time>2026-08-15T07:15:09Z</time></trkpt><trkpt lat="35.7563831" lon="140.3042638"><ele>32.92333333333334</ele><time>2026-08-15T07:15:25Z</time></trkpt><trkpt lat="35.7565312" lon="140.3041151"><ele>32.66333333333333</ele><time>2026-08-15T07:15:36Z</time></trkpt><trkpt lat="35.7567513" lon="140.3041201"><ele>32.6</ele><time>2026-08-15T07:16:04Z</time></trkpt><trkpt lat="35.7569719" lon="140.3041691"><ele>32.82333333333333</ele><time>2026-08-15T07:16:20Z</time></trkpt><trkpt lat="35.7571669" lon="140.3042278"><ele>33.27333333333333</ele><time>2026-08-15T07:16:46Z</time></trkpt><trkpt lat="35.7573851" lon="140.3042811"><ele>33.970000000000006</ele><time>2026-08-15T07:17:04Z</time></trkpt><trkpt lat="35.7575802" lon="140.3043489"><ele>34.59666666666667</ele><time>2026-08-15T07:17:22Z</time></trkpt><trkpt lat="35.7577626" lon="140.3043905"><ele>35.25666666666667</ele><time>2026-08-15T07:17:39Z</time></trkpt><trkpt lat="35.7579628" lon="140.3044331"><ele>35.86666666666667</ele><time>2026-08-15T07:17:55Z</time></trkpt><trkpt lat="35.7581657" lon="140.304532"><ele>36.53333333333334</ele><time>2026-08-15T07:18:09Z</time></trkpt><trkpt lat="35.7583656" lon="140.3045707"><ele>37.153333333333336</ele><time>2026-08-15T07:18:20Z</time></trkpt><trkpt lat="35.758562" lon="140.3046318"><ele>37.663333333333334</ele><time>2026-08-15T07:18:35Z</time></trkpt><trkpt lat="35.7587505" lon="140.3046637"><ele>38.1</ele><time>2026-08-15T07:18:49Z</time></trkpt><trkpt lat="35.7589352" lon="140.3046988"><ele>38.53333333333333</ele><time>2026-08-15T07:19:03Z</time></trkpt><trkpt lat="35.7591313" lon="140.3047432"><ele>39.00666666666667</ele><time>2026-08-15T07:19:17Z</time></trkpt><trkpt lat="35.759319" lon="140.304749"><ele>39.48</ele><time>2026-08-15T07:19:31Z</time></trkpt><trkpt lat="35.7595025" lon="140.3047305"><ele>40.31333333333333</ele><time>2026-08-15T07:19:46Z</time></trkpt><trkpt lat="35.7597184" lon="140.3047138"><ele>40.89000000000001</ele><time>2026-08-15T07:20:04Z</time></trkpt><trkpt lat="35.7599004" lon="140.3047225"><ele>41.620000000000005</ele><time>2026-08-15T07:20:18Z</time></trkpt><trkpt lat="35.7601062" lon="140.3047349"><ele>42.24333333333333</ele><time>2026-08-15T07:20:33Z</time></trkpt><trkpt lat="35.7603107" lon="140.3047322"><ele>42.74666666666667</ele><time>2026-08-15T07:20:48Z</time></trkpt><trkpt lat="35.7605133" lon="140.3047973"><ele>42.49666666666667</ele><time>2026-08-15T07:21:06Z</time></trkpt><trkpt lat="35.7607001" lon="140.3047253"><ele>41.660000000000004</ele><time>2026-08-15T07:21:23Z</time></trkpt><trkpt lat="35.7608824" lon="140.3046683"><ele>41.096666666666664</ele><time>2026-08-15T07:21:38Z</time></trkpt><trkpt lat="35.7610647" lon="140.3047121"><ele>40.85666666666666</ele><time>2026-08-15T07:21:52Z</time></trkpt><trkpt lat="35.7611861" lon="140.304778"><ele>40.24</ele><time>2026-08-15T07:34:23Z</time></trkpt><trkpt lat="35.76138" lon="140.3047664"><ele>40.24</ele><time>2026-08-15T07:34:41Z</time></trkpt><trkpt lat="35.7615645" lon="140.3048304"><ele>40.23</ele><time>2026-08-15T07:34:56Z</time></trkpt><trkpt lat="35.7617433" lon="140.3048643"><ele>40.166666666666664</ele><time>2026-08-15T07:35:07Z</time></trkpt><trkpt lat="35.7619306" lon="140.3048872"><ele>40.38666666666666</ele><time>2026-08-15T07:35:19Z</time></trkpt><trkpt lat="35.7621403" lon="140.3049303"><ele>40.54666666666667</ele><time>2026-08-15T07:35:34Z</time></trkpt><trkpt lat="35.7623127" lon="140.3049972"><ele>40.410000000000004</ele><time>2026-08-15T07:36:05Z</time></trkpt><trkpt lat="35.7625367" lon="140.30504"><ele>39.839999999999996</ele><time>2026-08-15T07:36:17Z</time></trkpt><trkpt lat="35.7627096" lon="140.3051339"><ele>39.45333333333333</ele><time>2026-08-15T07:36:28Z</time></trkpt><trkpt lat="35.7628956" lon="140.3051276"><ele>39.346666666666664</ele><time>2026-08-15T07:36:49Z</time></trkpt><trkpt lat="35.7630894" lon="140.3052767"><ele>39.36</ele><time>2026-08-15T07:37:25Z</time></trkpt><trkpt lat="35.7632638" lon="140.3054416"><ele>39.34</ele><time>2026-08-15T07:37:40Z</time></trkpt><trkpt lat="35.7633809" lon="140.305643"><ele>39.56666666666667</ele><time>2026-08-15T07:37:54Z</time></trkpt><trkpt lat="35.7635822" lon="140.3056626"><ele>39.82333333333333</ele><time>2026-08-15T07:38:05Z</time></trkpt><trkpt lat="35.7637554" lon="140.3058005"><ele>40.0</ele><time>2026-08-15T07:38:24Z</time></trkpt><trkpt lat="35.7639309" lon="140.3058963"><ele>40.0</ele><time>2026-08-15T07:38:39Z</time></trkpt><trkpt lat="35.7641086" lon="140.3060353"><ele>40.0</ele><time>2026-08-15T07:38:54Z</time></trkpt><trkpt lat="35.7643084" lon="140.3061654"><ele>39.833333333333336</ele><time>2026-08-15T07:39:12Z</time></trkpt><trkpt lat="35.764508" lon="140.3062571"><ele>39.49</ele><time>2026-08-15T07:39:26Z</time></trkpt><trkpt lat="35.7646893" lon="140.3063068"><ele>39.21333333333333</ele><time>2026-08-15T07:39:42Z</time></trkpt><trkpt lat="35.7648883" lon="140.3063627"><ele>38.98</ele><time>2026-08-15T07:40:46Z</time></trkpt><trkpt lat="35.7650525" lon="140.3065023"><ele>38.733333333333334</ele><time>2026-08-15T07:40:59Z</time></trkpt><trkpt lat="35.7652543" lon="140.3066007"><ele>38.34</ele><time>2026-08-15T07:41:14Z</time></trkpt><trkpt lat="35.7654345" lon="140.306662"><ele>37.96333333333333</ele><time>2026-08-15T07:41:26Z</time></trkpt><trkpt lat="35.765612" lon="140.3067894"><ele>37.70666666666667</ele><time>2026-08-15T07:41:44Z</time></trkpt><trkpt lat="35.7658065" lon="140.3069202"><ele>37.43333333333333</ele><time>2026-08-15T07:42:01Z</time></trkpt><trkpt lat="35.7659755" lon="140.3070139"><ele>37.20666666666667</ele><time>2026-08-15T07:42:13Z</time></trkpt><trkpt lat="35.7661751" lon="140.3071322"><ele>37.03</ele><time>2026-08-15T07:42:27Z</time></trkpt><trkpt lat="35.7663393" lon="140.3072348"><ele>36.916666666666664</ele><time>2026-08-15T07:42:39Z</time></trkpt><trkpt lat="35.766527" lon="140.3073622"><ele>36.69</ele><time>2026-08-15T07:42:53Z</time></trkpt><trkpt lat="35.7667149" lon="140.3074683"><ele>36.42333333333334</ele><time>2026-08-15T07:43:09Z</time></trkpt><trkpt lat="35.766874" lon="140.3075781"><ele>36.096666666666664</ele><time>2026-08-15T07:43:23Z</time></trkpt><trkpt lat="35.7670532" lon="140.3076682"><ele>35.876666666666665</ele><time>2026-08-15T07:43:39Z</time></trkpt><trkpt lat="35.7672377" lon="140.3077326"><ele>35.64333333333334</ele><time>2026-08-15T07:43:59Z</time></trkpt><trkpt lat="35.7674328" lon="140.3078125"><ele>35.403333333333336</ele><time>2026-08-15T07:44:13Z</time></trkpt><trkpt lat="35.7676409" lon="140.3078896"><ele>35.22</ele><time>2026-08-15T07:44:37Z</time></trkpt><trkpt lat="35.7678336" lon="140.3079742"><ele>35.123333333333335</ele><time>2026-08-15T07:44:51Z</time></trkpt><trkpt lat="35.7680069" lon="140.3081102"><ele>35.11000000000001</ele><time>2026-08-15T07:45:05Z</time></trkpt><trkpt lat="35.7681926" lon="140.3082286"><ele>35.11333333333334</ele><time>2026-08-15T07:45:19Z</time></trkpt><trkpt lat="35.7683829" lon="140.3083373"><ele>35.1</ele><time>2026-08-15T07:45:34Z</time></trkpt><trkpt lat="35.76856" lon="140.3084343"><ele>35.09666666666667</ele><time>2026-08-15T07:45:48Z</time></trkpt><trkpt lat="35.7687707" lon="140.3085033"><ele>35.06</ele><time>2026-08-15T07:46:05Z</time></trkpt><trkpt lat="35.7689314" lon="140.3086059"><ele>35.026666666666664</ele><time>2026-08-15T07:46:19Z</time></trkpt><trkpt lat="35.769135" lon="140.3086997"><ele>35.0</ele><time>2026-08-15T07:46:34Z</time></trkpt><trkpt lat="35.7693333" lon="140.3087453"><ele>35.0</ele><time>2026-08-15T07:46:52Z</time></trkpt><trkpt lat="35.7695288" lon="140.3088296"><ele>35.0</ele><time>2026-08-15T07:47:07Z</time></trkpt><trkpt lat="35.7697123" lon="140.3089423"><ele>35.0</ele><time>2026-08-15T07:47:22Z</time></trkpt><trkpt lat="35.7698949" lon="140.3090295"><ele>35.0</ele><time>2026-08-15T07:47:37Z</time></trkpt><trkpt lat="35.7700742" lon="140.309141"><ele>35.0</ele><time>2026-08-15T07:47:52Z</time></trkpt><trkpt lat="35.7702812" lon="140.3091969"><ele>35.0</ele><time>2026-08-15T07:48:06Z</time></trkpt><trkpt lat="35.7705109" lon="140.3092176"><ele>35.0</ele><time>2026-08-15T07:48:22Z</time></trkpt><trkpt lat="35.770703" lon="140.3092702"><ele>35.0</ele><time>2026-08-15T07:48:33Z</time></trkpt><trkpt lat="35.7708816" lon="140.3093157"><ele>34.97666666666667</ele><time>2026-08-15T07:48:46Z</time></trkpt><trkpt lat="35.7710854" lon="140.3093784"><ele>34.48666666666667</ele><time>2026-08-15T07:49:09Z</time></trkpt><trkpt lat="35.7712954" lon="140.3094461"><ele>33.370000000000005</ele><time>2026-08-15T07:49:38Z</time></trkpt><trkpt lat="35.7712584" lon="140.309205"><ele>31.986666666666668</ele><time>2026-08-15T07:50:46Z</time></trkpt><trkpt lat="35.771415" lon="140.3093724"><ele>30.730000000000004</ele><time>2026-08-15T07:51:27Z</time></trkpt><trkpt lat="35.7715955" lon="140.3094193"><ele>28.570000000000004</ele><time>2026-08-15T07:51:41Z</time></trkpt><trkpt lat="35.771781" lon="140.3094874"><ele>26.76</ele><time>2026-08-15T07:51:54Z</time></trkpt><trkpt lat="35.7719351" lon="140.309649"><ele>26.426666666666666</ele><time>2026-08-15T07:52:08Z</time></trkpt><trkpt lat="35.7720637" lon="140.3098093"><ele>27.846666666666664</ele><time>2026-08-15T07:52:23Z</time></trkpt><trkpt lat="35.7721837" lon="140.3100288"><ele>29.433333333333334</ele><time>2026-08-15T07:52:39Z</time></trkpt><trkpt lat="35.7723406" lon="140.3101621"><ele>29.91</ele><time>2026-08-15T07:52:53Z</time></trkpt><trkpt lat="35.7725233" lon="140.3102495"><ele>30.263333333333332</ele><time>2026-08-15T07:53:07Z</time></trkpt><trkpt lat="35.772536" lon="140.3100917"><ele>30.52</ele><time>2026-08-15T07:58:08Z</time></trkpt><trkpt lat="35.7725859" lon="140.3103137"><ele>30.545</ele><time>2026-08-15T07:58:24Z</time></trkpt><trkpt lat="35.7727286" lon="140.310479"><ele>30.636666666666667</ele><time>2026-08-15T07:58:43Z</time></trkpt><trkpt lat="35.7729222" lon="140.310628"><ele>30.810000000000002</ele><time>2026-08-15T07:59:00Z</time></trkpt><trkpt lat="35.7730293" lon="140.3108392"><ele>30.94333333333333</ele><time>2026-08-15T07:59:15Z</time></trkpt><trkpt lat="35.7731835" lon="140.3109682"><ele>30.99666666666667</ele><time>2026-08-15T07:59:27Z</time></trkpt><trkpt lat="35.7733302" lon="140.3111602"><ele>31.033333333333335</ele><time>2026-08-15T07:59:41Z</time></trkpt><trkpt lat="35.7734707" lon="140.3113066"><ele>31.080000000000002</ele><time>2026-08-15T07:59:55Z</time></trkpt><trkpt lat="35.7736294" lon="140.3114348"><ele>31.25666666666667</ele><time>2026-08-15T08:00:10Z</time></trkpt><trkpt lat="35.7737911" lon="140.3115903"><ele>31.373333333333335</ele><time>2026-08-15T08:00:24Z</time></trkpt><trkpt lat="35.7739454" lon="140.3117329"><ele>31.44666666666667</ele><time>2026-08-15T08:00:39Z</time></trkpt><trkpt lat="35.7741005" lon="140.3118797"><ele>31.599999999999998</ele><time>2026-08-15T08:00:54Z</time></trkpt><trkpt lat="35.77426" lon="140.3120337"><ele>31.853333333333335</ele><time>2026-08-15T08:01:08Z</time></trkpt><trkpt lat="35.7744118" lon="140.312206"><ele>32.300000000000004</ele><time>2026-08-15T08:01:22Z</time></trkpt><trkpt lat="35.7745749" lon="140.3123545"><ele>33.11333333333334</ele><time>2026-08-15T08:01:37Z</time></trkpt><trkpt lat="35.7747174" lon="140.3125384"><ele>34.196666666666665</ele><time>2026-08-15T08:01:52Z</time></trkpt><trkpt lat="35.7748544" lon="140.312712"><ele>35.20333333333333</ele><time>2026-08-15T08:02:06Z</time></trkpt><trkpt lat="35.7750057" lon="140.3128721"><ele>35.589999999999996</ele><time>2026-08-15T08:02:20Z</time></trkpt><trkpt lat="35.775147" lon="140.3130474"><ele>35.486666666666665</ele><time>2026-08-15T08:02:34Z</time></trkpt><trkpt lat="35.7752831" lon="140.3132248"><ele>35.28333333333334</ele><time>2026-08-15T08:02:49Z</time></trkpt><trkpt lat="35.7754405" lon="140.3134052"><ele>35.126666666666665</ele><time>2026-08-15T08:03:04Z</time></trkpt><trkpt lat="35.7755739" lon="140.3135644"><ele>35.11000000000001</ele><time>2026-08-15T08:03:16Z</time></trkpt><trkpt lat="35.7757253" lon="140.3137419"><ele>35.17666666666667</ele><time>2026-08-15T08:03:31Z</time></trkpt><trkpt lat="35.7758807" lon="140.3139191"><ele>35.223333333333336</ele><time>2026-08-15T08:03:46Z</time></trkpt><trkpt lat="35.7760212" lon="140.3140829"><ele>35.31</ele><time>2026-08-15T08:04:00Z</time></trkpt><trkpt lat="35.7761653" lon="140.3142457"><ele>35.440000000000005</ele><time>2026-08-15T08:04:14Z</time></trkpt><trkpt lat="35.7762887" lon="140.3144223"><ele>35.59666666666667</ele><time>2026-08-15T08:04:28Z</time></trkpt><trkpt lat="35.7764308" lon="140.3145584"><ele>35.54</ele><time>2026-08-15T08:04:42Z</time></trkpt><trkpt lat="35.7765912" lon="140.3147356"><ele>35.35</ele><time>2026-08-15T08:05:00Z</time></trkpt><trkpt lat="35.7767532" lon="140.3148936"><ele>35.13</ele><time>2026-08-15T08:05:14Z</time></trkpt><trkpt lat="35.7769442" lon="140.3150368"><ele>34.82333333333333</ele><time>2026-08-15T08:05:29Z</time></trkpt><trkpt lat="35.7771169" lon="140.3151029"><ele>33.92666666666667</ele><time>2026-08-15T08:05:41Z</time></trkpt><trkpt lat="35.7773445" lon="140.3151988"><ele>32.48</ele><time>2026-08-15T08:05:53Z</time></trkpt><trkpt lat="35.7775364" lon="140.3152199"><ele>31.273333333333337</ele><time>2026-08-15T08:06:07Z</time></trkpt><trkpt lat="35.7777155" lon="140.3151924"><ele>30.813333333333333</ele><time>2026-08-15T08:06:46Z</time></trkpt><trkpt lat="35.7778667" lon="140.3153474"><ele>30.896666666666665</ele><time>2026-08-15T08:07:10Z</time></trkpt><trkpt lat="35.7780589" lon="140.3155036"><ele>30.973333333333333</ele><time>2026-08-15T08:07:47Z</time></trkpt><trkpt lat="35.7782371" lon="140.3156505"><ele>31.016666666666666</ele><time>2026-08-15T08:07:56Z</time></trkpt><trkpt lat="35.7784003" lon="140.3157693"><ele>31.060000000000002</ele><time>2026-08-15T08:08:11Z</time></trkpt><trkpt lat="35.7786067" lon="140.31582"><ele>31.01</ele><time>2026-08-15T08:08:25Z</time></trkpt><trkpt lat="35.7788001" lon="140.3158732"><ele>31.02</ele><time>2026-08-15T08:08:40Z</time></trkpt><trkpt lat="35.7789723" lon="140.3159944"><ele>31.083333333333332</ele><time>2026-08-15T08:08:54Z</time></trkpt><trkpt lat="35.7791543" lon="140.3161142"><ele>31.25</ele><time>2026-08-15T08:09:08Z</time></trkpt><trkpt lat="35.779341" lon="140.3161927"><ele>31.233333333333334</ele><time>2026-08-15T08:09:23Z</time></trkpt><trkpt lat="35.7795548" lon="140.3162317"><ele>31.266666666666666</ele><time>2026-08-15T08:09:40Z</time></trkpt><trkpt lat="35.7796818" lon="140.3164065"><ele>31.323333333333334</ele><time>2026-08-15T08:09:52Z</time></trkpt><trkpt lat="35.7798181" lon="140.3165807"><ele>31.436666666666667</ele><time>2026-08-15T08:10:06Z</time></trkpt><trkpt lat="35.7799365" lon="140.3167917"><ele>31.413333333333338</ele><time>2026-08-15T08:10:24Z</time></trkpt><trkpt lat="35.7800761" lon="140.316954"><ele>31.436666666666667</ele><time>2026-08-15T08:10:42Z</time></trkpt><trkpt lat="35.7802848" lon="140.3169569"><ele>31.34</ele><time>2026-08-15T08:11:03Z</time></trkpt><trkpt lat="35.7804648" lon="140.3168287"><ele>31.423333333333336</ele><time>2026-08-15T08:11:15Z</time></trkpt><trkpt lat="35.7806241" lon="140.316717"><ele>31.426666666666666</ele><time>2026-08-15T08:11:26Z</time></trkpt><trkpt lat="35.7807828" lon="140.3165965"><ele>31.416666666666668</ele><time>2026-08-15T08:11:42Z</time></trkpt><trkpt lat="35.7809761" lon="140.3164789"><ele>31.453333333333333</ele><time>2026-08-15T08:11:56Z</time></trkpt><trkpt lat="35.7811379" lon="140.3163662"><ele>31.540000000000003</ele><time>2026-08-15T08:12:14Z</time></trkpt><trkpt lat="35.7813165" lon="140.3163254"><ele>31.723333333333333</ele><time>2026-08-15T08:12:25Z</time></trkpt><trkpt lat="35.7814843" lon="140.3162002"><ele>31.66</ele><time>2026-08-15T08:12:40Z</time></trkpt><trkpt lat="35.7816612" lon="140.3160822"><ele>31.55333333333333</ele><time>2026-08-15T08:12:54Z</time></trkpt><trkpt lat="35.7818448" lon="140.3159852"><ele>31.51</ele><time>2026-08-15T08:13:08Z</time></trkpt><trkpt lat="35.7820237" lon="140.3159485"><ele>31.620000000000005</ele><time>2026-08-15T08:13:23Z</time></trkpt><trkpt lat="35.7822172" lon="140.3159307"><ele>31.73</ele><time>2026-08-15T08:13:38Z</time></trkpt><trkpt lat="35.7824029" lon="140.3158448"><ele>31.636666666666667</ele><time>2026-08-15T08:14:09Z</time></trkpt><trkpt lat="35.7826204" lon="140.315925"><ele>31.113333333333333</ele><time>2026-08-15T08:14:49Z</time></trkpt><trkpt lat="35.782787" lon="140.3160311"><ele>30.243333333333336</ele><time>2026-08-15T08:15:09Z</time></trkpt><trkpt lat="35.7829301" lon="140.3161907"><ele>29.206666666666667</ele><time>2026-08-15T08:15:23Z</time></trkpt><trkpt lat="35.7830825" lon="140.3163186"><ele>27.590000000000003</ele><time>2026-08-15T08:15:37Z</time></trkpt><trkpt lat="35.7832382" lon="140.3164499"><ele>25.41</ele><time>2026-08-15T08:15:51Z</time></trkpt><trkpt lat="35.7833496" lon="140.3166405"><ele>23.110000000000003</ele><time>2026-08-15T08:16:08Z</time></trkpt><trkpt lat="35.7835292" lon="140.3167026"><ele>21.086666666666666</ele><time>2026-08-15T08:16:25Z</time></trkpt><trkpt lat="35.7837082" lon="140.3168448"><ele>19.73</ele><time>2026-08-15T08:16:42Z</time></trkpt><trkpt lat="35.7839071" lon="140.3169413"><ele>18.743333333333336</ele><time>2026-08-15T08:17:02Z</time></trkpt><trkpt lat="35.7841287" lon="140.3169954"><ele>18.133333333333336</ele><time>2026-08-15T08:17:25Z</time></trkpt><trkpt lat="35.7843193" lon="140.3171255"><ele>17.58666666666667</ele><time>2026-08-15T08:17:36Z</time></trkpt><trkpt lat="35.7844431" lon="140.3173016"><ele>16.900000000000002</ele><time>2026-08-15T08:18:11Z</time></trkpt><trkpt lat="35.7844817" lon="140.3175818"><ele>16.19</ele><time>2026-08-15T08:18:25Z</time></trkpt><trkpt lat="35.7845977" lon="140.3177683"><ele>15.6</ele><time>2026-08-15T08:18:39Z</time></trkpt><trkpt lat="35.7845098" lon="140.3180048"><ele>14.863333333333335</ele><time>2026-08-15T08:18:51Z</time></trkpt><trkpt lat="35.7846749" lon="140.3181266"><ele>14.76</ele><time>2026-08-15T08:19:23Z</time></trkpt><trkpt lat="35.7848764" lon="140.3181276"><ele>15.283333333333333</ele><time>2026-08-15T08:19:41Z</time></trkpt><trkpt lat="35.7850738" lon="140.3182037"><ele>16.69</ele><time>2026-08-15T08:19:59Z</time></trkpt><trkpt lat="35.7852571" lon="140.3182632"><ele>18.343333333333334</ele><time>2026-08-15T08:20:42Z</time></trkpt><trkpt lat="35.7854004" lon="140.3181287"><ele>19.833333333333336</ele><time>2026-08-15T08:21:30Z</time></trkpt><trkpt lat="35.7855115" lon="140.3183607"><ele>21.036666666666665</ele><time>2026-08-15T08:21:54Z</time></trkpt><trkpt lat="35.7856802" lon="140.3182529"><ele>22.349999999999998</ele><time>2026-08-15T08:22:32Z</time></trkpt><trkpt lat="35.7858668" lon="140.3183117"><ele>23.900000000000002</ele><time>2026-08-15T08:22:46Z</time></trkpt><trkpt lat="35.7857393" lon="140.3181493"><ele>24.650000000000002</ele><time>2026-08-15T08:24:16Z</time></trkpt><trkpt lat="35.7858252" lon="140.3179434"><ele>25.153333333333336</ele><time>2026-08-15T08:24:34Z</time></trkpt><trkpt lat="35.7857872" lon="140.3177204"><ele>24.766666666666666</ele><time>2026-08-15T08:24:52Z</time></trkpt><trkpt lat="35.7860169" lon="140.3175648"><ele>27.37</ele><time>2026-08-15T08:29:34Z</time></trkpt><trkpt lat="35.7860579" lon="140.3172936"><ele>28.23</ele><time>2026-08-15T08:30:07Z</time></trkpt><trkpt lat="35.7861149" lon="140.3170686"><ele>28.47666666666667</ele><time>2026-08-15T08:30:15Z</time></trkpt><trkpt lat="35.7861071" lon="140.3173003"><ele>28.933333333333337</ele><time>2026-08-15T08:31:02Z</time></trkpt><trkpt lat="35.7862833" lon="140.317467"><ele>28.77333333333333</ele><time>2026-08-15T08:31:22Z</time></trkpt><trkpt lat="35.7864008" lon="140.3176412"><ele>28.939999999999998</ele><time>2026-08-15T08:31:34Z</time></trkpt><trkpt lat="35.7865941" lon="140.3177282"><ele>29.77333333333333</ele><time>2026-08-15T08:31:53Z</time></trkpt><trkpt lat="35.7865953" lon="140.3179517"><ele>30.736666666666668</ele><time>2026-08-15T08:33:09Z</time></trkpt><trkpt lat="35.786598" lon="140.3182161"><ele>31.27</ele><time>2026-08-15T08:33:45Z</time></trkpt><trkpt lat="35.7868205" lon="140.3181931"><ele>31.656666666666666</ele><time>2026-08-15T08:34:26Z</time></trkpt><trkpt lat="35.7868797" lon="140.318434"><ele>31.78333333333333</ele><time>2026-08-15T08:34:51Z</time></trkpt><trkpt lat="35.7869352" lon="140.3186577"><ele>31.92</ele><time>2026-08-15T08:35:14Z</time></trkpt><trkpt lat="35.7871257" lon="140.3187063"><ele>31.69333333333333</ele><time>2026-08-15T08:35:44Z</time></trkpt><trkpt lat="35.7872549" lon="140.3188932"><ele>31.23</ele><time>2026-08-15T08:36:21Z</time></trkpt><trkpt lat="35.7874359" lon="140.3189394"><ele>30.72666666666667</ele><time>2026-08-15T08:36:35Z</time></trkpt><trkpt lat="35.787584" lon="140.3190903"><ele>30.49666666666667</ele><time>2026-08-15T08:37:18Z</time></trkpt><trkpt lat="35.7877389" lon="140.319248"><ele>30.92</ele><time>2026-08-15T08:37:29Z</time></trkpt><trkpt lat="35.7877849" lon="140.319514"><ele>31.843333333333334</ele><time>2026-08-15T08:37:53Z</time></trkpt><trkpt lat="35.7876892" lon="140.3197345"><ele>32.61</ele><time>2026-08-15T08:38:15Z</time></trkpt><trkpt lat="35.7876179" lon="140.3199599"><ele>32.906666666666666</ele><time>2026-08-15T08:38:35Z</time></trkpt><trkpt lat="35.7876662" lon="140.3202054"><ele>33.39333333333333</ele><time>2026-08-15T08:38:50Z</time></trkpt><trkpt lat="35.7877001" lon="140.3199517"><ele>33.67333333333333</ele><time>2026-08-15T08:39:25Z</time></trkpt><trkpt lat="35.7877564" lon="140.3197266"><ele>34.23666666666667</ele><time>2026-08-15T08:39:37Z</time></trkpt><trkpt lat="35.7878365" lon="140.3194566"><ele>33.92</ele><time>2026-08-15T08:40:07Z</time></trkpt><trkpt lat="35.7877267" lon="140.3192155"><ele>33.11666666666667</ele><time>2026-08-15T08:40:23Z</time></trkpt><trkpt lat="35.7875708" lon="140.3190756"><ele>32.013333333333335</ele><time>2026-08-15T08:40:37Z</time></trkpt><trkpt lat="35.7873879" lon="140.3189798"><ele>30.71666666666667</ele><time>2026-08-15T08:40:52Z</time></trkpt><trkpt lat="35.7872286" lon="140.3188654"><ele>30.236666666666668</ele><time>2026-08-15T08:41:06Z</time></trkpt><trkpt lat="35.7870383" lon="140.3188102"><ele>30.209999999999997</ele><time>2026-08-15T08:41:20Z</time></trkpt><trkpt lat="35.7868731" lon="140.318654"><ele>30.76</ele><time>2026-08-15T08:42:02Z</time></trkpt><trkpt lat="35.7868054" lon="140.3183912"><ele>31.27</ele><time>2026-08-15T08:42:18Z</time></trkpt><trkpt lat="35.7866756" lon="140.3182051"><ele>31.486666666666668</ele><time>2026-08-15T08:42:32Z</time></trkpt><trkpt lat="35.786656" lon="140.3179543"><ele>31.74666666666667</ele><time>2026-08-15T08:42:53Z</time></trkpt><trkpt lat="35.7868045" lon="140.3177525"><ele>31.706666666666667</ele><time>2026-08-15T08:43:11Z</time></trkpt><trkpt lat="35.786748" lon="140.3175185"><ele>31.64333333333333</ele><time>2026-08-15T08:43:52Z</time></trkpt><trkpt lat="35.7868035" lon="140.3172862"><ele>30.61</ele><time>2026-08-15T08:44:18Z</time></trkpt><trkpt lat="35.7868868" lon="140.3170335"><ele>28.076666666666668</ele><time>2026-08-15T08:44:30Z</time></trkpt><trkpt lat="35.7869035" lon="140.3167912"><ele>25.396666666666665</ele><time>2026-08-15T08:44:43Z</time></trkpt><trkpt lat="35.7869223" lon="140.316552"><ele>22.723333333333333</ele><time>2026-08-15T08:44:58Z</time></trkpt><trkpt lat="35.7867859" lon="140.3163712"><ele>21.600000000000005</ele><time>2026-08-15T08:45:10Z</time></trkpt><trkpt lat="35.786682" lon="140.3161735"><ele>20.77</ele><time>2026-08-15T08:45:22Z</time></trkpt><trkpt lat="35.7865238" lon="140.3159913"><ele>21.083333333333332</ele><time>2026-08-15T08:45:37Z</time></trkpt><trkpt lat="35.7863236" lon="140.3161063"><ele>23.396666666666665</ele><time>2026-08-15T08:46:07Z</time></trkpt><trkpt lat="35.7861367" lon="140.3162436"><ele>27.046666666666667</ele><time>2026-08-15T08:46:23Z</time></trkpt><trkpt lat="35.7859585" lon="140.3163689"><ele>31.209999999999997</ele><time>2026-08-15T08:46:38Z</time></trkpt><trkpt lat="35.7857977" lon="140.3165371"><ele>32.51</ele><time>2026-08-15T08:46:53Z</time></trkpt><trkpt lat="35.7856155" lon="140.3165926"><ele>32.64666666666667</ele><time>2026-08-15T08:47:16Z</time></trkpt><trkpt lat="35.7856903" lon="140.3163654"><ele>32.303333333333335</ele><time>2026-08-15T08:48:11Z</time></trkpt><trkpt lat="35.7857492" lon="140.3166417"><ele>32.38333333333333</ele><time>2026-08-15T08:49:41Z</time></trkpt><trkpt lat="35.7858941" lon="140.3168724"><ele>31.956666666666667</ele><time>2026-08-15T08:49:54Z</time></trkpt><trkpt lat="35.7858395" lon="140.3170962"><ele>31.326666666666664</ele><time>2026-08-15T08:50:15Z</time></trkpt><trkpt lat="35.7858085" lon="140.3173157"><ele>29.673333333333332</ele><time>2026-08-15T08:50:26Z</time></trkpt><trkpt lat="35.7856561" lon="140.3174515"><ele>27.39</ele><time>2026-08-15T08:50:50Z</time></trkpt><trkpt lat="35.78547" lon="140.3175117"><ele>23.466666666666665</ele><time>2026-08-15T08:51:08Z</time></trkpt><trkpt lat="35.785286" lon="140.3176519"><ele>20.76</ele><time>2026-08-15T08:51:38Z</time></trkpt><trkpt lat="35.7851551" lon="140.3178201"><ele>18.893333333333334</ele><time>2026-08-15T08:51:50Z</time></trkpt><trkpt lat="35.7850128" lon="140.3179995"><ele>18.39</ele><time>2026-08-15T08:52:15Z</time></trkpt><trkpt lat="35.7848389" lon="140.3181495"><ele>17.71666666666667</ele><time>2026-08-15T08:52:30Z</time></trkpt><trkpt lat="35.784633" lon="140.3181052"><ele>16.563333333333333</ele><time>2026-08-15T08:52:48Z</time></trkpt><trkpt lat="35.7845659" lon="140.3183149"><ele>15.323333333333332</ele><time>2026-08-15T08:53:10Z</time></trkpt><trkpt lat="35.7845203" lon="140.3185349"><ele>14.14</ele><time>2026-08-15T08:53:22Z</time></trkpt><trkpt lat="35.7844678" lon="140.3187674"><ele>13.196666666666665</ele><time>2026-08-15T08:53:40Z</time></trkpt><trkpt lat="35.7844485" lon="140.3190122"><ele>12.433333333333332</ele><time>2026-08-15T08:53:54Z</time></trkpt><trkpt lat="35.7846242" lon="140.3191302"><ele>12.01</ele><time>2026-08-15T08:54:12Z</time></trkpt><trkpt lat="35.7847868" lon="140.3192459"><ele>11.973333333333334</ele><time>2026-08-15T08:54:26Z</time></trkpt><trkpt lat="35.7849039" lon="140.3194755"><ele>12.036666666666667</ele><time>2026-08-15T08:54:41Z</time></trkpt><trkpt lat="35.7848264" lon="140.3197032"><ele>11.993333333333332</ele><time>2026-08-15T08:54:53Z</time></trkpt><trkpt lat="35.7846865" lon="140.3199038"><ele>11.729999999999999</ele><time>2026-08-15T08:55:08Z</time></trkpt><trkpt lat="35.7845773" lon="140.3200973"><ele>11.35</ele><time>2026-08-15T08:55:23Z</time></trkpt><trkpt lat="35.7844548" lon="140.3202984"><ele>10.87</ele><time>2026-08-15T08:55:37Z</time></trkpt><trkpt lat="35.784481" lon="140.3205181"><ele>11.093333333333334</ele><time>2026-08-15T08:55:53Z</time></trkpt><trkpt lat="35.7845429" lon="140.320726"><ele>11.943333333333333</ele><time>2026-08-15T08:56:05Z</time></trkpt><trkpt lat="35.7846112" lon="140.320933"><ele>13.450000000000001</ele><time>2026-08-15T08:56:20Z</time></trkpt><trkpt lat="35.7846294" lon="140.3211545"><ele>14.866666666666667</ele><time>2026-08-15T08:56:35Z</time></trkpt><trkpt lat="35.7845421" lon="140.3213628"><ele>16.21666666666667</ele><time>2026-08-15T08:56:49Z</time></trkpt><trkpt lat="35.7843986" lon="140.3215012"><ele>16.263333333333332</ele><time>2026-08-15T08:57:04Z</time></trkpt><trkpt lat="35.7842236" lon="140.3216252"><ele>15.826666666666666</ele><time>2026-08-15T08:57:16Z</time></trkpt><trkpt lat="35.7840607" lon="140.3217921"><ele>14.823333333333332</ele><time>2026-08-15T08:57:30Z</time></trkpt><trkpt lat="35.7839518" lon="140.3219857"><ele>14.126666666666667</ele><time>2026-08-15T08:57:52Z</time></trkpt><trkpt lat="35.7839102" lon="140.3222039"><ele>13.186666666666667</ele><time>2026-08-15T08:58:06Z</time></trkpt><trkpt lat="35.7838051" lon="140.3224487"><ele>12.063333333333333</ele><time>2026-08-15T08:58:26Z</time></trkpt><trkpt lat="35.7837856" lon="140.3226886"><ele>11.543333333333331</ele><time>2026-08-15T08:58:47Z</time></trkpt><trkpt lat="35.7838936" lon="140.3229628"><ele>10.993333333333334</ele><time>2026-08-15T08:59:17Z</time></trkpt><trkpt lat="35.7840773" lon="140.3230174"><ele>11.08</ele><time>2026-08-15T08:59:29Z</time></trkpt><trkpt lat="35.7842121" lon="140.3231703"><ele>10.636666666666668</ele><time>2026-08-15T08:59:44Z</time></trkpt><trkpt lat="35.7843235" lon="140.3233525"><ele>10.450000000000001</ele><time>2026-08-15T08:59:56Z</time></trkpt><trkpt lat="35.7844315" lon="140.3235624"><ele>9.943333333333333</ele><time>2026-08-15T09:00:11Z</time></trkpt><trkpt lat="35.7844727" lon="140.3237986"><ele>9.906666666666666</ele><time>2026-08-15T09:00:23Z</time></trkpt><trkpt lat="35.7845567" lon="140.3240144"><ele>9.906666666666666</ele><time>2026-08-15T09:00:37Z</time></trkpt><trkpt lat="35.784646" lon="140.3242238"><ele>9.906666666666666</ele><time>2026-08-15T09:00:49Z</time></trkpt><trkpt lat="35.7847028" lon="140.3244364"><ele>9.9</ele><time>2026-08-15T09:01:02Z</time></trkpt><trkpt lat="35.7847756" lon="140.3246505"><ele>9.9</ele><time>2026-08-15T09:01:16Z</time></trkpt><trkpt lat="35.7848556" lon="140.3248792"><ele>9.9</ele><time>2026-08-15T09:01:30Z</time></trkpt><trkpt lat="35.7848153" lon="140.3251159"><ele>9.9</ele><time>2026-08-15T09:03:08Z</time></trkpt><trkpt lat="35.7849161" lon="140.3253413"><ele>9.9</ele><time>2026-08-15T09:03:20Z</time></trkpt><trkpt lat="35.7849269" lon="140.3256034"><ele>9.9</ele><time>2026-08-15T09:03:38Z</time></trkpt><trkpt lat="35.7850195" lon="140.325812"><ele>9.9</ele><time>2026-08-15T09:03:52Z</time></trkpt><trkpt lat="35.7851391" lon="140.326002"><ele>9.9</ele><time>2026-08-15T09:04:04Z</time></trkpt><trkpt lat="35.7853022" lon="140.3260989"><ele>9.9</ele><time>2026-08-15T09:04:17Z</time></trkpt><trkpt lat="35.7854774" lon="140.3262332"><ele>9.9</ele><time>2026-08-15T09:04:32Z</time></trkpt><trkpt lat="35.7856561" lon="140.3263807"><ele>9.9</ele><time>2026-08-15T09:04:46Z</time></trkpt><trkpt lat="35.7857974" lon="140.3265514"><ele>9.9</ele><time>2026-08-15T09:05:05Z</time></trkpt><trkpt lat="35.7859502" lon="140.3266997"><ele>9.9</ele><time>2026-08-15T09:05:18Z</time></trkpt><trkpt lat="35.7861128" lon="140.3268126"><ele>9.9</ele><time>2026-08-15T09:05:30Z</time></trkpt><trkpt lat="35.7862498" lon="140.3269848"><ele>9.9</ele><time>2026-08-15T09:05:44Z</time></trkpt><trkpt lat="35.7864109" lon="140.3271573"><ele>9.9</ele><time>2026-08-15T09:06:03Z</time></trkpt><trkpt lat="35.7865236" lon="140.3273531"><ele>9.733333333333334</ele><time>2026-08-15T09:06:18Z</time></trkpt><trkpt lat="35.7866205" lon="140.327549"><ele>9.31</ele><time>2026-08-15T09:06:30Z</time></trkpt><trkpt lat="35.7868005" lon="140.3275626"><ele>8.856666666666667</ele><time>2026-08-15T09:07:00Z</time></trkpt><trkpt lat="35.7867977" lon="140.3278111"><ele>8.746666666666668</ele><time>2026-08-15T09:07:53Z</time></trkpt><trkpt lat="35.7868878" lon="140.3280063"><ele>9.06</ele><time>2026-08-15T09:08:05Z</time></trkpt><trkpt lat="35.7869965" lon="140.3281847"><ele>9.513333333333334</ele><time>2026-08-15T09:08:16Z</time></trkpt><trkpt lat="35.7871305" lon="140.3283898"><ele>9.78</ele><time>2026-08-15T09:08:31Z</time></trkpt><trkpt lat="35.7872765" lon="140.3285515"><ele>9.856666666666667</ele><time>2026-08-15T09:08:57Z</time></trkpt><trkpt lat="35.787221" lon="140.3288341"><ele>9.82</ele><time>2026-08-15T09:10:10Z</time></trkpt><trkpt lat="35.7871517" lon="140.329069"><ele>9.763333333333335</ele><time>2026-08-15T09:10:25Z</time></trkpt><trkpt lat="35.7869628" lon="140.3289887"><ele>9.730000000000002</ele><time>2026-08-15T09:10:52Z</time></trkpt><trkpt lat="35.7871378" lon="140.3290892"><ele>9.700000000000001</ele><time>2026-08-15T09:11:18Z</time></trkpt><trkpt lat="35.7872054" lon="140.3288095"><ele>9.730000000000002</ele><time>2026-08-15T09:11:27Z</time></trkpt><trkpt lat="35.7872477" lon="140.3285797"><ele>9.763333333333334</ele><time>2026-08-15T09:11:36Z</time></trkpt><trkpt lat="35.7873701" lon="140.3284138"><ele>9.826666666666668</ele><time>2026-08-15T09:11:48Z</time></trkpt><trkpt lat="35.7875162" lon="140.328238"><ele>9.863333333333335</ele><time>2026-08-15T09:12:03Z</time></trkpt><trkpt lat="35.7877432" lon="140.3282431"><ele>9.896666666666667</ele><time>2026-08-15T09:12:21Z</time></trkpt><trkpt lat="35.7877687" lon="140.3280239"><ele>11.426666666666668</ele><time>2026-08-15T09:13:14Z</time></trkpt><trkpt lat="35.7879375" lon="140.3278663"><ele>14.34666666666667</ele><time>2026-08-15T09:13:34Z</time></trkpt><trkpt lat="35.7881242" lon="140.3279365"><ele>18.03</ele><time>2026-08-15T09:13:53Z</time></trkpt><trkpt lat="35.7883034" lon="140.3279917"><ele>19.966666666666665</ele><time>2026-08-15T09:14:47Z</time></trkpt><trkpt lat="35.7880844" lon="140.3279165"><ele>20.716666666666665</ele><time>2026-08-15T09:16:30Z</time></trkpt><trkpt lat="35.787879" lon="140.3279046"><ele>19.540000000000003</ele><time>2026-08-15T09:16:49Z</time></trkpt><trkpt lat="35.7877145" lon="140.3280631"><ele>16.72</ele><time>2026-08-15T09:17:05Z</time></trkpt><trkpt lat="35.787562" lon="140.3281906"><ele>13.126666666666667</ele><time>2026-08-15T09:17:32Z</time></trkpt><trkpt lat="35.7874157" lon="140.3283648"><ele>10.62</ele><time>2026-08-15T09:17:44Z</time></trkpt><trkpt lat="35.787278" lon="140.3285652"><ele>9.943333333333333</ele><time>2026-08-15T09:17:58Z</time></trkpt><trkpt lat="35.7873002" lon="140.3288078"><ele>9.83</ele><time>2026-08-15T09:18:20Z</time></trkpt><trkpt lat="35.7871489" lon="140.3290081"><ele>9.763333333333335</ele><time>2026-08-15T09:18:30Z</time></trkpt><trkpt lat="35.7871063" lon="140.3292259"><ele>9.726666666666667</ele><time>2026-08-15T09:18:45Z</time></trkpt><trkpt lat="35.7869932" lon="140.329408"><ele>9.663333333333334</ele><time>2026-08-15T09:19:00Z</time></trkpt><trkpt lat="35.7869291" lon="140.3296738"><ele>9.663333333333334</ele><time>2026-08-15T09:19:17Z</time></trkpt><trkpt lat="35.7868422" lon="140.3298878"><ele>9.666666666666666</ele><time>2026-08-15T09:19:32Z</time></trkpt><trkpt lat="35.7868882" lon="140.330111"><ele>9.730000000000002</ele><time>2026-08-15T09:19:45Z</time></trkpt><trkpt lat="35.7868639" lon="140.3303388"><ele>9.763333333333334</ele><time>2026-08-15T09:20:51Z</time></trkpt><trkpt lat="35.7866563" lon="140.330249"><ele>9.796666666666669</ele><time>2026-08-15T09:21:37Z</time></trkpt><trkpt lat="35.7865023" lon="140.330117"><ele>9.8</ele><time>2026-08-15T09:21:54Z</time></trkpt></trkseg></trk></gpx>